-- ==========================================================================================================
Insert into PE.GENRE (GENRE_NAME,DESCRIPTION) values ('Mystery',' The plot always revolves around a crime of sorts that must be solved—or foiled—by the protagonists.');
Insert into PE.GENRE (GENRE_NAME,DESCRIPTION) values ('Adventure','Main character repeatedly finds themselves in high stakes situations.');
Insert into PE.GENRE (GENRE_NAME,DESCRIPTION) values ('Fantasy',' While usually set in a fictional imagined world.');
Insert into PE.GENRE (GENRE_NAME,DESCRIPTION) values ('Horror','Meant to cause discomfort and fear for both the character and readers, horror writers often make use of supernatural and paranormal.');
Insert into PE.GENRE (GENRE_NAME,DESCRIPTION) values ('Romance','The genre that makes your heart all warm and fuzzy focuses on the love story of the main protagonists.');
Insert into PE.GENRE (GENRE_NAME,DESCRIPTION) values ('Science Fiction','Science fiction stories is that they lean heavily on themes of technology and future science.');
Insert into PE.GENRE (GENRE_NAME,DESCRIPTION) values ('Cookbooks','Collection of recipes, specific to a theme, cuisine, or experience chosen by the author.');
Insert into PE.GENRE (GENRE_NAME,DESCRIPTION) values ('Biography',' Detailed description of a persons life. It involves more than just the basic facts like education, work, relationships, and death.');
Insert into PE.GENRE (GENRE_NAME,DESCRIPTION) values ('Action','The protagonist or protagonists are thrust into a series of events that typically include violence.');
Insert into PE.GENRE (GENRE_NAME,DESCRIPTION) values ('Comedy','Consisting of discourses or works intended to be humorous');
Insert into PE.GENRE (GENRE_NAME,DESCRIPTION) values ('Sports','Simulates the practice of sports. includes team sports, track and field, extreme sports and combat sports. .');
Insert into PE.GENRE (GENRE_NAME,DESCRIPTION) values ('Platformer','Players control characters who jump or climb between different platforms on the screen.');
Insert into PE.GENRE (GENRE_NAME,DESCRIPTION) values ('Shooter','Centered on gun and other weapon-based combat with the player experiencing the action through the eyes of the protagonist.');
Insert into PE.GENRE (GENRE_NAME,DESCRIPTION) values ('2D Animation',' Illusion of movement is created when individual drawings are sequenced together over time.');
Insert into PE.GENRE (GENRE_NAME,DESCRIPTION) values ('3D Animation','Animated objects that appear in a three-dimensional space. They can be rotated and moved like real objects..');
Insert into PE.GENRE (GENRE_NAME,DESCRIPTION) values ('Thriller','Defined by the moods they elicit, giving viewers heightened feelings of suspense, excitement, surprise, anticipation and anxiety');
Insert into PE.GENRE (GENRE_NAME,DESCRIPTION) values ('Musical','Identifies some pieces of music as belonging to a shared tradition or set of conventions.');
-- ==========================================================================================================
-- INSERTING into PE.REVIEW
/* SET DEFINE OFF; */
Insert into PE.REVIEW (STARS) values ('1');
Insert into PE.REVIEW (STARS) values ('2');
Insert into PE.REVIEW (STARS) values ('3');
Insert into PE.REVIEW (STARS) values ('4');
Insert into PE.REVIEW (STARS) values ('5');
Insert into PE.REVIEW (STARS) values ('0');
-- ==========================================================================================================
-- INSERTING into PE.STATUS
/* SET DEFINE OFF; */
Insert into PE.STATUS (STATUS_NAME,DESCRIPTION) values ('Blue','Actually in stock');
Insert into PE.STATUS (STATUS_NAME,DESCRIPTION) values ('Green','Loaned on business days');
Insert into PE.STATUS (STATUS_NAME,DESCRIPTION) values ('Yellow','In tolerance days');
Insert into PE.STATUS (STATUS_NAME,DESCRIPTION) values ('Red','Has not been returned');
Insert into PE.STATUS (STATUS_NAME,DESCRIPTION) values ('Purple','Return time exceeded');
-- ==========================================================================================================
-- INSERTING into PE.ITEMTYPE
/* SET DEFINE OFF; */
Insert into PE.ITEMTYPE (ITEMTYPE_NAME) values ('Book');
Insert into PE.ITEMTYPE (ITEMTYPE_NAME) values ('Movies');
Insert into PE.ITEMTYPE (ITEMTYPE_NAME) values ('Comic');
Insert into PE.ITEMTYPE (ITEMTYPE_NAME) values ('VideoGame');
Insert into PE.ITEMTYPE (ITEMTYPE_NAME) values ('TableTop Game');
-- ==========================================================================================================
-- INSERTING into PE.PERSONTYPE
/* SET DEFINE OFF; */
Insert into PE.PERSONTYPE (PERSONTYPE_NAME) values ('Admin');
Insert into PE.PERSONTYPE (PERSONTYPE_NAME) values ('User');
Insert into PE.PERSONTYPE (PERSONTYPE_NAME) values ('Author');
-- ==========================================================================================================
-- INSERTING into PE.RELATIONTYPE
/* SET DEFINE OFF; */
Insert into PE.RELATIONTYPE (RELATIONTYPE_NAME) values ('Friend');
Insert into PE.RELATIONTYPE (RELATIONTYPE_NAME) values ('Known');
Insert into PE.RELATIONTYPE (RELATIONTYPE_NAME) values ('Family');
Insert into PE.RELATIONTYPE (RELATIONTYPE_NAME) values ('Coworker');
Insert into PE.RELATIONTYPE (RELATIONTYPE_NAME) values ('Best Friend');
-- ==========================================================================================================
-- INSERTING into PE.PUBLISHER
/* SET DEFINE OFF; */
Insert into PE.PUBLISHER (PUBLISHER_NAME) values ('Norma Editorial');
Insert into PE.PUBLISHER (PUBLISHER_NAME) values ('Grup 62');
Insert into PE.PUBLISHER (PUBLISHER_NAME) values ('Dark Horse');
Insert into PE.PUBLISHER (PUBLISHER_NAME) values ('DC Comics');
Insert into PE.PUBLISHER (PUBLISHER_NAME) values ('Marvel');
Insert into PE.PUBLISHER (PUBLISHER_NAME) values ('Nintendo');
Insert into PE.PUBLISHER (PUBLISHER_NAME) values ('Microsoft');
Insert into PE.PUBLISHER (PUBLISHER_NAME) values ('Sony');
Insert into PE.PUBLISHER (PUBLISHER_NAME) values ('DEBOLSILLO');
Insert into PE.PUBLISHER (PUBLISHER_NAME) values ('Salamandra');
Insert into PE.PUBLISHER (PUBLISHER_NAME) values ('CINCO TINTAS');
Insert into PE.PUBLISHER (PUBLISHER_NAME) values ('Nova');
Insert into PE.PUBLISHER (PUBLISHER_NAME) values ('CANTERBURY CLASSICS');
Insert into PE.PUBLISHER (PUBLISHER_NAME) values ('Summit Entertainment');
Insert into PE.PUBLISHER (PUBLISHER_NAME) values ('20th Century Studios');
Insert into PE.PUBLISHER (PUBLISHER_NAME) values ('Buena Vista Pictures Distribution');
Insert into PE.PUBLISHER (PUBLISHER_NAME) values ('Toho');
Insert into PE.PUBLISHER (PUBLISHER_NAME) values ('Universal Pictures');
Insert into PE.PUBLISHER (PUBLISHER_NAME) values ('Walt Disney Studios Motion Pictures');
Insert into PE.PUBLISHER (PUBLISHER_NAME) values ('Warner Bros. Pictures');
Insert into PE.PUBLISHER (PUBLISHER_NAME) values ('New Line Cinema');
Insert into PE.PUBLISHER (PUBLISHER_NAME) values ('Metro Goldwyn Mayer');
Insert into PE.PUBLISHER (PUBLISHER_NAME) values ('Lionsgate');
Insert into PE.PUBLISHER (PUBLISHER_NAME) values ('Activision');
Insert into PE.PUBLISHER (PUBLISHER_NAME) values ('Sega');
Insert into PE.PUBLISHER (PUBLISHER_NAME) values ('Electronic Arts');
Insert into PE.PUBLISHER (PUBLISHER_NAME) values ('Square enix');
Insert into PE.PUBLISHER (PUBLISHER_NAME) values ('Konami');
-- ====================================================================================================================
-- INSERTING into PE.ITEM
/* SET DEFINE OFF; */
insert into PE.ITEM(TITLE,EDITION,BARCODE,ITEMTYPE_ID,STATUS_ID,PUBLISHER_ID) values('Harry Potter y la piedra filosofal','primera','000000000001','1','1','10');
insert into PE.ITEM(TITLE,EDITION,BARCODE,ITEMTYPE_ID,STATUS_ID,PUBLISHER_ID) values('Harry Potter y la cámara secreta','primera','000000000002','1','1','10');
insert into PE.ITEM(TITLE,EDITION,BARCODE,ITEMTYPE_ID,STATUS_ID,PUBLISHER_ID) values('Harry Potter y el prisionero de Azkaban','primera','000000000003','1','1','10');
insert into PE.ITEM(TITLE,EDITION,BARCODE,ITEMTYPE_ID,STATUS_ID,PUBLISHER_ID) values('Harry Potter y el cáliz de fuego','primera','000000000004','1','1','10');
insert into PE.ITEM(TITLE,EDITION,BARCODE,ITEMTYPE_ID,STATUS_ID,PUBLISHER_ID) values('Harry Potter y la Orden del Fénix','primera','000000000005','1','1','10');
insert into PE.ITEM(TITLE,EDITION,BARCODE,ITEMTYPE_ID,STATUS_ID,PUBLISHER_ID) values('Harry Potter y el misterio del príncipe','primera','000000000006','1','1','10');
insert into PE.ITEM(TITLE,EDITION,BARCODE,ITEMTYPE_ID,STATUS_ID,PUBLISHER_ID) values('Harry Potter y las reliquias de la Muerte','primera','000000000007','1','1','10');
insert into PE.ITEM(TITLE,EDITION,BARCODE,ITEMTYPE_ID,STATUS_ID,PUBLISHER_ID) values('El Instituto','Best Seller','000000000008','1','1','9');
insert into PE.ITEM(TITLE,EDITION,BARCODE,ITEMTYPE_ID,STATUS_ID,PUBLISHER_ID) values('DE AMOR Y DE SOMBRA','Best Seller','000000000009','1','1','9');
insert into PE.ITEM(TITLE,EDITION,BARCODE,ITEMTYPE_ID,STATUS_ID,PUBLISHER_ID) values('DUNE LA BATALLA DE CORRIN','Best Seller','000000000010','1','1','9');
insert into PE.ITEM(TITLE,EDITION,BARCODE,ITEMTYPE_ID,STATUS_ID,PUBLISHER_ID) values('DIARIO DE ANA FRANK','2007','000000000011','1','1','9');
insert into PE.ITEM(TITLE,EDITION,BARCODE,ITEMTYPE_ID,STATUS_ID,PUBLISHER_ID) values('VIOLIN DEL DIABLO','Best Seller','000000000012','1','1','9');
insert into PE.ITEM(TITLE,EDITION,BARCODE,ITEMTYPE_ID,STATUS_ID,PUBLISHER_ID) values('YOGA KITCHEN','2020','000000000013','1','1','11');
insert into PE.ITEM(TITLE,EDITION,BARCODE,ITEMTYPE_ID,STATUS_ID,PUBLISHER_ID) values('READY PLAYER ONE (ESPAÑOL)','2018','000000000014','1','1','12');
insert into PE.ITEM(TITLE,EDITION,BARCODE,ITEMTYPE_ID,STATUS_ID,PUBLISHER_ID) values('LIFE AND ADVENTURES OF ROBINSON CRUSOE','2019','000000000015','1','1','13');
insert into PE.ITEM(TITLE,EDITION,BARCODE,ITEMTYPE_ID,STATUS_ID,PUBLISHER_ID) values('John Wick','DVD','000000000016','2','1','14');
insert into PE.ITEM(TITLE,EDITION,BARCODE,ITEMTYPE_ID,STATUS_ID,PUBLISHER_ID) values('Star Wars: Episodio III - La venganza de los Sith','Blu-ray','000000000017','3','2','16');
insert into PE.ITEM(TITLE,EDITION,BARCODE,ITEMTYPE_ID,STATUS_ID,PUBLISHER_ID) values('Los Increíbles','DVD','000000000018','2','1','16');
insert into PE.ITEM(TITLE,EDITION,BARCODE,ITEMTYPE_ID,STATUS_ID,PUBLISHER_ID) values('El increíble castillo vagabundo','DVD','000000000019','2','1','17');
insert into PE.ITEM(TITLE,EDITION,BARCODE,ITEMTYPE_ID,STATUS_ID,PUBLISHER_ID) values('Shrek','blu-ray','000000000020','2','1','18');
insert into PE.ITEM(TITLE,EDITION,BARCODE,ITEMTYPE_ID,STATUS_ID,PUBLISHER_ID) values('El planeta del tesoro','dvd','000000000021','2','1','19');
insert into PE.ITEM(TITLE,EDITION,BARCODE,ITEMTYPE_ID,STATUS_ID,PUBLISHER_ID) values('Spider-Man: Un nuevo universo','blu-ray','000000000022','2','1','8');
insert into PE.ITEM(TITLE,EDITION,BARCODE,ITEMTYPE_ID,STATUS_ID,PUBLISHER_ID) values('El rey león','dvd','000000000023','2','1','16');
insert into PE.ITEM(TITLE,EDITION,BARCODE,ITEMTYPE_ID,STATUS_ID,PUBLISHER_ID) values('it(2017)','blu-ray','000000000024','2','1','20');
insert into PE.ITEM(TITLE,EDITION,BARCODE,ITEMTYPE_ID,STATUS_ID,PUBLISHER_ID) values('Parque Jurásico','DVD','000000000025','2','1','18');
insert into PE.ITEM(TITLE,EDITION,BARCODE,ITEMTYPE_ID,STATUS_ID,PUBLISHER_ID) values('Mi pobre angelito','DVD','000000000026','2','1','15');
insert into PE.ITEM(TITLE,EDITION,BARCODE,ITEMTYPE_ID,STATUS_ID,PUBLISHER_ID) values('El Señor de los Anillos: la Comunidad del Anillo','DVD','000000000027','2','1','21');
insert into PE.ITEM(TITLE,EDITION,BARCODE,ITEMTYPE_ID,STATUS_ID,PUBLISHER_ID) values('Los juegos del hambre','blu-ray','000000000028','2','1','23');
insert into PE.ITEM(TITLE,EDITION,BARCODE,ITEMTYPE_ID,STATUS_ID,PUBLISHER_ID) values('Terminator','DVD','000000000029','2','1','21');
insert into PE.ITEM(TITLE,EDITION,BARCODE,ITEMTYPE_ID,STATUS_ID,PUBLISHER_ID) values('Cars','DVD','000000000030','2','1','16');
insert into PE.ITEM(TITLE,EDITION,BARCODE,ITEMTYPE_ID,STATUS_ID,PUBLISHER_ID) values('Action Comics 1','primera','000000000031','3','1','4');
insert into PE.ITEM(TITLE,EDITION,BARCODE,ITEMTYPE_ID,STATUS_ID,PUBLISHER_ID) values('The Infinity Gauntlet','primera','000000000032','3','1','5');
insert into PE.ITEM(TITLE,EDITION,BARCODE,ITEMTYPE_ID,STATUS_ID,PUBLISHER_ID) values('Dark Nights: Metal','Limited series','000000000033','3','1','4');
insert into PE.ITEM(TITLE,EDITION,BARCODE,ITEMTYPE_ID,STATUS_ID,PUBLISHER_ID) values('Watchmen','1987','000000000034','3','1','4');
insert into PE.ITEM(TITLE,EDITION,BARCODE,ITEMTYPE_ID,STATUS_ID,PUBLISHER_ID) values('mass effect','to cool','000000000035','3','1','3');
insert into PE.ITEM(TITLE,EDITION,BARCODE,ITEMTYPE_ID,STATUS_ID,PUBLISHER_ID) values('Injustice: Gods Among Us','luxe','000000000036','3','1','4');
insert into PE.ITEM(TITLE,EDITION,BARCODE,ITEMTYPE_ID,STATUS_ID,PUBLISHER_ID) values('Secret Empire','Limited series','000000000037','3','1','5');
insert into PE.ITEM(TITLE,EDITION,BARCODE,ITEMTYPE_ID,STATUS_ID,PUBLISHER_ID) values('Secret Wars','Limited series','000000000038','3','1','5');
insert into PE.ITEM(TITLE,EDITION,BARCODE,ITEMTYPE_ID,STATUS_ID,PUBLISHER_ID) values('The Court of Owls','batman series','000000000039','3','1','4');
insert into PE.ITEM(TITLE,EDITION,BARCODE,ITEMTYPE_ID,STATUS_ID,PUBLISHER_ID) values('Flashpoint','Limited series','000000000040','3','1','4');
insert into PE.ITEM(TITLE,EDITION,BARCODE,ITEMTYPE_ID,STATUS_ID,PUBLISHER_ID) values('300','Limited series','000000000041','3','1','3');
insert into PE.ITEM(TITLE,EDITION,BARCODE,ITEMTYPE_ID,STATUS_ID,PUBLISHER_ID) values('V de Vendetta','edge','000000000042','3','1','3');
insert into PE.ITEM(TITLE,EDITION,BARCODE,ITEMTYPE_ID,STATUS_ID,PUBLISHER_ID) values('Scott Pilgrim s Precious Little Life','Badass edition','000000000043','3','1','1');
insert into PE.ITEM(TITLE,EDITION,BARCODE,ITEMTYPE_ID,STATUS_ID,PUBLISHER_ID) values('Batman: The Dark Knight Returns','batman siries','000000000044','3','1','4');
insert into PE.ITEM(TITLE,EDITION,BARCODE,ITEMTYPE_ID,STATUS_ID,PUBLISHER_ID) values('X-Men','plus ultra colection','000000000045','3','1','5');
insert into PE.ITEM(TITLE,EDITION,BARCODE,ITEMTYPE_ID,STATUS_ID,PUBLISHER_ID) values('tony hawk pro skater 2','PS1','000000000046','4','1','20');
insert into PE.ITEM(TITLE,EDITION,BARCODE,ITEMTYPE_ID,STATUS_ID,PUBLISHER_ID) values('Crash Bandicoot','PS1','000000000047','4','1','20');
insert into PE.ITEM(TITLE,EDITION,BARCODE,ITEMTYPE_ID,STATUS_ID,PUBLISHER_ID) values('pokemon stadium 2','N64','000000000048','4','1','6');
insert into PE.ITEM(TITLE,EDITION,BARCODE,ITEMTYPE_ID,STATUS_ID,PUBLISHER_ID) values('halo 2','xbox','000000000049','4','1','7');
insert into PE.ITEM(TITLE,EDITION,BARCODE,ITEMTYPE_ID,STATUS_ID,PUBLISHER_ID) values('Super Mario World','snes','000000000050','4','1','6');
insert into PE.ITEM(TITLE,EDITION,BARCODE,ITEMTYPE_ID,STATUS_ID,PUBLISHER_ID) values('crazy taxi 2','dreamcast','000000000051','4','1','21');
insert into PE.ITEM(TITLE,EDITION,BARCODE,ITEMTYPE_ID,STATUS_ID,PUBLISHER_ID) values('burnout revenge','PS2','000000000052','4','1','22');
insert into PE.ITEM(TITLE,EDITION,BARCODE,ITEMTYPE_ID,STATUS_ID,PUBLISHER_ID) values('Sonic the Hedgehog','PS3','000000000053','4','1','21');
insert into PE.ITEM(TITLE,EDITION,BARCODE,ITEMTYPE_ID,STATUS_ID,PUBLISHER_ID) values('star wars battlefront ii','PS5','000000000054','4','1','22');
insert into PE.ITEM(TITLE,EDITION,BARCODE,ITEMTYPE_ID,STATUS_ID,PUBLISHER_ID) values('Nights into Dreams','Drea,cast','000000000055','4','2','21');
insert into PE.ITEM(TITLE,EDITION,BARCODE,ITEMTYPE_ID,STATUS_ID,PUBLISHER_ID) values('final fantasy 7','PS1','000000000056','4','1','23');
insert into PE.ITEM(TITLE,EDITION,BARCODE,ITEMTYPE_ID,STATUS_ID,PUBLISHER_ID) values('castlevania symphony of the night','PS1','000000000057','4','1','24');
insert into PE.ITEM(TITLE,EDITION,BARCODE,ITEMTYPE_ID,STATUS_ID,PUBLISHER_ID) values('conker bad fur day','N64','000000000058','4','1','6');
insert into PE.ITEM(TITLE,EDITION,BARCODE,ITEMTYPE_ID,STATUS_ID,PUBLISHER_ID) values('f zero gx','Gamecube','000000000059','4','1','21');
insert into PE.ITEM(TITLE,EDITION,BARCODE,ITEMTYPE_ID,STATUS_ID,PUBLISHER_ID) values('God of War','PS2','000000000060','4','1','8');
Insert into PE.ITEM (TITLE,EDITION,BARCODE,ITEMTYPE_ID,STATUS_ID,PUBLISHER_ID) values ('Megaman X','Genesis','X00000000061','1','2','1');
Insert into PE.ITEM (TITLE,EDITION,BARCODE,ITEMTYPE_ID,STATUS_ID,PUBLISHER_ID) values ('Mario Kart 8','Switch','123412341234','4','1','6');
Insert into PE.ITEM (TITLE,EDITION,BARCODE,ITEMTYPE_ID,STATUS_ID,PUBLISHER_ID) values ('Seconds','Primera','100001953992','1','5','9');
Insert into PE.ITEM (TITLE,EDITION,BARCODE,ITEMTYPE_ID,STATUS_ID,PUBLISHER_ID) values ('The Mist','DVD','102356487101','2','1','15');
Insert into PE.ITEM (TITLE,EDITION,BARCODE,ITEMTYPE_ID,STATUS_ID,PUBLISHER_ID) values ('Adventures of Sherlock Holmes','Primera','058129022567','1','1','2');
Insert into PE.ITEM (TITLE,EDITION,BARCODE,ITEMTYPE_ID,STATUS_ID,PUBLISHER_ID) values ('La Divina Comedia','Primera','152185323102','1','3','3');
Insert into PE.ITEM (TITLE,EDITION,BARCODE,ITEMTYPE_ID,STATUS_ID,PUBLISHER_ID) values ('Warcraft 3','PC','1788502680','4','1','24');
Insert into PE.ITEM (TITLE,EDITION,BARCODE,ITEMTYPE_ID,STATUS_ID,PUBLISHER_ID) values ('Kingdom Hearts 3','PS2','012565706589','4','1','27');
Insert into PE.ITEM (TITLE,EDITION,BARCODE,ITEMTYPE_ID,STATUS_ID,PUBLISHER_ID) values ('La Luna de Pluton','Segunda','786070731747','1','1','11');
Insert into PE.ITEM (TITLE,EDITION,BARCODE,ITEMTYPE_ID,STATUS_ID,PUBLISHER_ID) values ('StarCraft','PC','189624562352','4','1','24');
Insert into PE.ITEM (TITLE,EDITION,BARCODE,ITEMTYPE_ID,STATUS_ID,PUBLISHER_ID) values ('StarCraft 2','Xbox','189624562352','4','1','24');
Insert into PE.ITEM (TITLE,EDITION,BARCODE,ITEMTYPE_ID,STATUS_ID,PUBLISHER_ID) values ('Jurassic World Evolution','Blu Ray','102541348697','2','1','18');
Insert into PE.ITEM (TITLE,EDITION,BARCODE,ITEMTYPE_ID,STATUS_ID,PUBLISHER_ID) values ('Attack On Titan','Primera','145236201985','3','1','3');
Insert into PE.ITEM (TITLE,EDITION,BARCODE,ITEMTYPE_ID,STATUS_ID,PUBLISHER_ID) values ('Code Geass','Segunda','128958617447','3','1','12');
Insert into PE.ITEM (TITLE,EDITION,BARCODE,ITEMTYPE_ID,STATUS_ID,PUBLISHER_ID) values ('War Thunder','Segunda','253636174682','1','1','1');
Insert into PE.ITEM (TITLE,EDITION,BARCODE,ITEMTYPE_ID,STATUS_ID,PUBLISHER_ID) values ('La Bella y La Bestia','DVD','125467197834','2','2','19');
Insert into PE.ITEM (TITLE,EDITION,BARCODE,ITEMTYPE_ID,STATUS_ID,PUBLISHER_ID) values ('Age Of Empires 2','PC','101569874753','4','1','7');
-- ==========================================================================================================
-- INSERTING into PE.ITEMHASGENRE
/* SET DEFINE OFF; */
Insert into PE.ITEMHASGENRE (ITEM_ID,GENRE_ID) values ('61','6');
Insert into PE.ITEMHASGENRE (ITEM_ID,GENRE_ID) values ('64','4');
Insert into PE.ITEMHASGENRE (ITEM_ID,GENRE_ID) values ('71','6');
Insert into PE.ITEMHASGENRE (ITEM_ID,GENRE_ID) values ('63','5');
Insert into PE.ITEMHASGENRE (ITEM_ID,GENRE_ID) values ('65','1');
Insert into PE.ITEMHASGENRE (ITEM_ID,GENRE_ID) values ('66','1');
Insert into PE.ITEMHASGENRE (ITEM_ID,GENRE_ID) values ('70','6');
Insert into PE.ITEMHASGENRE (ITEM_ID,GENRE_ID) values ('72','6');
Insert into PE.ITEMHASGENRE (ITEM_ID,GENRE_ID) values ('73','9');
Insert into PE.ITEMHASGENRE (ITEM_ID,GENRE_ID) values ('74','3');
Insert into PE.ITEMHASGENRE (ITEM_ID,GENRE_ID) values ('75','2');
Insert into PE.ITEMHASGENRE (ITEM_ID,GENRE_ID) values ('76','5');
Insert into PE.ITEMHASGENRE (ITEM_ID,GENRE_ID) values ('67','3');
Insert into PE.ITEMHASGENRE (ITEM_ID,GENRE_ID) values ('69','4');
Insert into PE.ITEMHASGENRE (ITEM_ID,GENRE_ID) values ('68','2');
Insert into PE.ITEMHASGENRE (ITEM_ID,GENRE_ID) values ('62','11');
Insert into PE.ITEMHASGENRE (ITEM_ID,GENRE_ID) values ('1','3');
Insert into PE.ITEMHASGENRE (ITEM_ID,GENRE_ID) values ('2','3');
Insert into PE.ITEMHASGENRE (ITEM_ID,GENRE_ID) values ('3','3');
Insert into PE.ITEMHASGENRE (ITEM_ID,GENRE_ID) values ('5','3');
Insert into PE.ITEMHASGENRE (ITEM_ID,GENRE_ID) values ('6','3');
Insert into PE.ITEMHASGENRE (ITEM_ID,GENRE_ID) values ('7','3');
Insert into PE.ITEMHASGENRE (ITEM_ID,GENRE_ID) values ('1','2');
Insert into PE.ITEMHASGENRE (ITEM_ID,GENRE_ID) values ('2','2');
Insert into PE.ITEMHASGENRE (ITEM_ID,GENRE_ID) values ('3','2');
Insert into PE.ITEMHASGENRE (ITEM_ID,GENRE_ID) values ('4','2');
Insert into PE.ITEMHASGENRE (ITEM_ID,GENRE_ID) values ('5','2');
Insert into PE.ITEMHASGENRE (ITEM_ID,GENRE_ID) values ('6','2');
Insert into PE.ITEMHASGENRE (ITEM_ID,GENRE_ID) values ('7','2');
Insert into PE.ITEMHASGENRE (ITEM_ID,GENRE_ID) values ('1','1');
Insert into PE.ITEMHASGENRE (ITEM_ID,GENRE_ID) values ('2','1');
Insert into PE.ITEMHASGENRE (ITEM_ID,GENRE_ID) values ('3','1');
Insert into PE.ITEMHASGENRE (ITEM_ID,GENRE_ID) values ('4','1');
Insert into PE.ITEMHASGENRE (ITEM_ID,GENRE_ID) values ('5','1');
Insert into PE.ITEMHASGENRE (ITEM_ID,GENRE_ID) values ('6','1');
Insert into PE.ITEMHASGENRE (ITEM_ID,GENRE_ID) values ('7','1');
Insert into PE.ITEMHASGENRE (ITEM_ID,GENRE_ID) values ('8','1');
Insert into PE.ITEMHASGENRE (ITEM_ID,GENRE_ID) values ('8','3');
Insert into PE.ITEMHASGENRE (ITEM_ID,GENRE_ID) values ('8','4');
Insert into PE.ITEMHASGENRE (ITEM_ID,GENRE_ID) values ('9','5');
Insert into PE.ITEMHASGENRE (ITEM_ID,GENRE_ID) values ('10','6');
Insert into PE.ITEMHASGENRE (ITEM_ID,GENRE_ID) values ('11','8');
Insert into PE.ITEMHASGENRE (ITEM_ID,GENRE_ID) values ('12','1');
Insert into PE.ITEMHASGENRE (ITEM_ID,GENRE_ID) values ('12','4');
Insert into PE.ITEMHASGENRE (ITEM_ID,GENRE_ID) values ('13','7');
Insert into PE.ITEMHASGENRE (ITEM_ID,GENRE_ID) values ('14','6');
Insert into PE.ITEMHASGENRE (ITEM_ID,GENRE_ID) values ('14','2');
Insert into PE.ITEMHASGENRE (ITEM_ID,GENRE_ID) values ('14','5');
Insert into PE.ITEMHASGENRE (ITEM_ID,GENRE_ID) values ('15','2');
Insert into PE.ITEMHASGENRE (ITEM_ID,GENRE_ID) values ('16','9');
Insert into PE.ITEMHASGENRE (ITEM_ID,GENRE_ID) values ('16','13');
Insert into PE.ITEMHASGENRE (ITEM_ID,GENRE_ID) values ('17','7');
Insert into PE.ITEMHASGENRE (ITEM_ID,GENRE_ID) values ('17','3');
Insert into PE.ITEMHASGENRE (ITEM_ID,GENRE_ID) values ('17','2');
Insert into PE.ITEMHASGENRE (ITEM_ID,GENRE_ID) values ('18','9');
Insert into PE.ITEMHASGENRE (ITEM_ID,GENRE_ID) values ('18','6');
Insert into PE.ITEMHASGENRE (ITEM_ID,GENRE_ID) values ('18','15');
Insert into PE.ITEMHASGENRE (ITEM_ID,GENRE_ID) values ('19','3');
Insert into PE.ITEMHASGENRE (ITEM_ID,GENRE_ID) values ('19','5');
Insert into PE.ITEMHASGENRE (ITEM_ID,GENRE_ID) values ('19','14');
Insert into PE.ITEMHASGENRE (ITEM_ID,GENRE_ID) values ('20','10');
Insert into PE.ITEMHASGENRE (ITEM_ID,GENRE_ID) values ('20','5');
Insert into PE.ITEMHASGENRE (ITEM_ID,GENRE_ID) values ('20','15');
Insert into PE.ITEMHASGENRE (ITEM_ID,GENRE_ID) values ('20','2');
Insert into PE.ITEMHASGENRE (ITEM_ID,GENRE_ID) values ('21','6');
Insert into PE.ITEMHASGENRE (ITEM_ID,GENRE_ID) values ('21','1');
Insert into PE.ITEMHASGENRE (ITEM_ID,GENRE_ID) values ('21','14');
Insert into PE.ITEMHASGENRE (ITEM_ID,GENRE_ID) values ('22','9');
Insert into PE.ITEMHASGENRE (ITEM_ID,GENRE_ID) values ('22','15');
Insert into PE.ITEMHASGENRE (ITEM_ID,GENRE_ID) values ('22','6');
Insert into PE.ITEMHASGENRE (ITEM_ID,GENRE_ID) values ('23','2');
Insert into PE.ITEMHASGENRE (ITEM_ID,GENRE_ID) values ('23','10');
Insert into PE.ITEMHASGENRE (ITEM_ID,GENRE_ID) values ('23','14');
Insert into PE.ITEMHASGENRE (ITEM_ID,GENRE_ID) values ('24','4');
Insert into PE.ITEMHASGENRE (ITEM_ID,GENRE_ID) values ('24','1');
Insert into PE.ITEMHASGENRE (ITEM_ID,GENRE_ID) values ('25','6');
Insert into PE.ITEMHASGENRE (ITEM_ID,GENRE_ID) values ('25','4');
Insert into PE.ITEMHASGENRE (ITEM_ID,GENRE_ID) values ('26','10');
Insert into PE.ITEMHASGENRE (ITEM_ID,GENRE_ID) values ('27','3');
Insert into PE.ITEMHASGENRE (ITEM_ID,GENRE_ID) values ('27','1');
Insert into PE.ITEMHASGENRE (ITEM_ID,GENRE_ID) values ('27','2');
Insert into PE.ITEMHASGENRE (ITEM_ID,GENRE_ID) values ('28','9');
Insert into PE.ITEMHASGENRE (ITEM_ID,GENRE_ID) values ('28','1');
Insert into PE.ITEMHASGENRE (ITEM_ID,GENRE_ID) values ('29','6');
Insert into PE.ITEMHASGENRE (ITEM_ID,GENRE_ID) values ('29','3');
Insert into PE.ITEMHASGENRE (ITEM_ID,GENRE_ID) values ('30','2');
Insert into PE.ITEMHASGENRE (ITEM_ID,GENRE_ID) values ('30','10');
Insert into PE.ITEMHASGENRE (ITEM_ID,GENRE_ID) values ('30','15');
Insert into PE.ITEMHASGENRE (ITEM_ID,GENRE_ID) values ('31','9');
Insert into PE.ITEMHASGENRE (ITEM_ID,GENRE_ID) values ('31','3');
Insert into PE.ITEMHASGENRE (ITEM_ID,GENRE_ID) values ('31','6');
Insert into PE.ITEMHASGENRE (ITEM_ID,GENRE_ID) values ('32','3');
Insert into PE.ITEMHASGENRE (ITEM_ID,GENRE_ID) values ('32','9');
Insert into PE.ITEMHASGENRE (ITEM_ID,GENRE_ID) values ('32','6');
Insert into PE.ITEMHASGENRE (ITEM_ID,GENRE_ID) values ('33','9');
Insert into PE.ITEMHASGENRE (ITEM_ID,GENRE_ID) values ('33','4');
Insert into PE.ITEMHASGENRE (ITEM_ID,GENRE_ID) values ('33','1');
Insert into PE.ITEMHASGENRE (ITEM_ID,GENRE_ID) values ('34','1');
Insert into PE.ITEMHASGENRE (ITEM_ID,GENRE_ID) values ('34','3');
Insert into PE.ITEMHASGENRE (ITEM_ID,GENRE_ID) values ('34','2');
Insert into PE.ITEMHASGENRE (ITEM_ID,GENRE_ID) values ('35','6');
Insert into PE.ITEMHASGENRE (ITEM_ID,GENRE_ID) values ('35','4');
Insert into PE.ITEMHASGENRE (ITEM_ID,GENRE_ID) values ('35','5');
Insert into PE.ITEMHASGENRE (ITEM_ID,GENRE_ID) values ('36','1');
Insert into PE.ITEMHASGENRE (ITEM_ID,GENRE_ID) values ('36','2');
Insert into PE.ITEMHASGENRE (ITEM_ID,GENRE_ID) values ('36','3');
Insert into PE.ITEMHASGENRE (ITEM_ID,GENRE_ID) values ('36','9');
Insert into PE.ITEMHASGENRE (ITEM_ID,GENRE_ID) values ('37','9');
Insert into PE.ITEMHASGENRE (ITEM_ID,GENRE_ID) values ('37','1');
Insert into PE.ITEMHASGENRE (ITEM_ID,GENRE_ID) values ('38','9');
Insert into PE.ITEMHASGENRE (ITEM_ID,GENRE_ID) values ('38','1');
Insert into PE.ITEMHASGENRE (ITEM_ID,GENRE_ID) values ('38','3');
Insert into PE.ITEMHASGENRE (ITEM_ID,GENRE_ID) values ('39','1');
Insert into PE.ITEMHASGENRE (ITEM_ID,GENRE_ID) values ('39','2');
Insert into PE.ITEMHASGENRE (ITEM_ID,GENRE_ID) values ('39','9');
Insert into PE.ITEMHASGENRE (ITEM_ID,GENRE_ID) values ('40','6');
Insert into PE.ITEMHASGENRE (ITEM_ID,GENRE_ID) values ('40','9');
Insert into PE.ITEMHASGENRE (ITEM_ID,GENRE_ID) values ('40','3');
Insert into PE.ITEMHASGENRE (ITEM_ID,GENRE_ID) values ('41','9');
Insert into PE.ITEMHASGENRE (ITEM_ID,GENRE_ID) values ('41','2');
Insert into PE.ITEMHASGENRE (ITEM_ID,GENRE_ID) values ('42','1');
Insert into PE.ITEMHASGENRE (ITEM_ID,GENRE_ID) values ('42','9');
Insert into PE.ITEMHASGENRE (ITEM_ID,GENRE_ID) values ('42','3');
Insert into PE.ITEMHASGENRE (ITEM_ID,GENRE_ID) values ('43','5');
Insert into PE.ITEMHASGENRE (ITEM_ID,GENRE_ID) values ('43','2');
Insert into PE.ITEMHASGENRE (ITEM_ID,GENRE_ID) values ('43','10');
Insert into PE.ITEMHASGENRE (ITEM_ID,GENRE_ID) values ('44','1');
Insert into PE.ITEMHASGENRE (ITEM_ID,GENRE_ID) values ('44','9');
Insert into PE.ITEMHASGENRE (ITEM_ID,GENRE_ID) values ('45','3');
Insert into PE.ITEMHASGENRE (ITEM_ID,GENRE_ID) values ('45','1');
Insert into PE.ITEMHASGENRE (ITEM_ID,GENRE_ID) values ('45','6');
Insert into PE.ITEMHASGENRE (ITEM_ID,GENRE_ID) values ('45','10');
Insert into PE.ITEMHASGENRE (ITEM_ID,GENRE_ID) values ('46','9');
Insert into PE.ITEMHASGENRE (ITEM_ID,GENRE_ID) values ('46','11');
Insert into PE.ITEMHASGENRE (ITEM_ID,GENRE_ID) values ('47','2');
Insert into PE.ITEMHASGENRE (ITEM_ID,GENRE_ID) values ('47','3');
Insert into PE.ITEMHASGENRE (ITEM_ID,GENRE_ID) values ('47','6');
Insert into PE.ITEMHASGENRE (ITEM_ID,GENRE_ID) values ('47','10');
Insert into PE.ITEMHASGENRE (ITEM_ID,GENRE_ID) values ('47','12');
Insert into PE.ITEMHASGENRE (ITEM_ID,GENRE_ID) values ('48','3');
Insert into PE.ITEMHASGENRE (ITEM_ID,GENRE_ID) values ('48','11');
Insert into PE.ITEMHASGENRE (ITEM_ID,GENRE_ID) values ('49','6');
Insert into PE.ITEMHASGENRE (ITEM_ID,GENRE_ID) values ('49','13');
Insert into PE.ITEMHASGENRE (ITEM_ID,GENRE_ID) values ('49','9');
Insert into PE.ITEMHASGENRE (ITEM_ID,GENRE_ID) values ('50','2');
Insert into PE.ITEMHASGENRE (ITEM_ID,GENRE_ID) values ('50','10');
Insert into PE.ITEMHASGENRE (ITEM_ID,GENRE_ID) values ('50','12');
Insert into PE.ITEMHASGENRE (ITEM_ID,GENRE_ID) values ('51','9');
Insert into PE.ITEMHASGENRE (ITEM_ID,GENRE_ID) values ('51','10');
Insert into PE.ITEMHASGENRE (ITEM_ID,GENRE_ID) values ('51','11');
Insert into PE.ITEMHASGENRE (ITEM_ID,GENRE_ID) values ('51','2');
Insert into PE.ITEMHASGENRE (ITEM_ID,GENRE_ID) values ('52','9');
Insert into PE.ITEMHASGENRE (ITEM_ID,GENRE_ID) values ('52','11');
Insert into PE.ITEMHASGENRE (ITEM_ID,GENRE_ID) values ('53','1');
Insert into PE.ITEMHASGENRE (ITEM_ID,GENRE_ID) values ('53','2');
Insert into PE.ITEMHASGENRE (ITEM_ID,GENRE_ID) values ('53','10');
Insert into PE.ITEMHASGENRE (ITEM_ID,GENRE_ID) values ('53','12');
Insert into PE.ITEMHASGENRE (ITEM_ID,GENRE_ID) values ('53','5');
Insert into PE.ITEMHASGENRE (ITEM_ID,GENRE_ID) values ('54','6');
Insert into PE.ITEMHASGENRE (ITEM_ID,GENRE_ID) values ('54','13');
Insert into PE.ITEMHASGENRE (ITEM_ID,GENRE_ID) values ('55','2');
Insert into PE.ITEMHASGENRE (ITEM_ID,GENRE_ID) values ('55','1');
Insert into PE.ITEMHASGENRE (ITEM_ID,GENRE_ID) values ('56','6');
Insert into PE.ITEMHASGENRE (ITEM_ID,GENRE_ID) values ('56','1');
Insert into PE.ITEMHASGENRE (ITEM_ID,GENRE_ID) values ('56','9');
Insert into PE.ITEMHASGENRE (ITEM_ID,GENRE_ID) values ('56','2');
Insert into PE.ITEMHASGENRE (ITEM_ID,GENRE_ID) values ('57','4');
Insert into PE.ITEMHASGENRE (ITEM_ID,GENRE_ID) values ('57','12');
Insert into PE.ITEMHASGENRE (ITEM_ID,GENRE_ID) values ('57','3');
Insert into PE.ITEMHASGENRE (ITEM_ID,GENRE_ID) values ('57','2');
Insert into PE.ITEMHASGENRE (ITEM_ID,GENRE_ID) values ('57','1');
Insert into PE.ITEMHASGENRE (ITEM_ID,GENRE_ID) values ('58','2');
Insert into PE.ITEMHASGENRE (ITEM_ID,GENRE_ID) values ('58','1');
Insert into PE.ITEMHASGENRE (ITEM_ID,GENRE_ID) values ('58','4');
Insert into PE.ITEMHASGENRE (ITEM_ID,GENRE_ID) values ('58','6');
Insert into PE.ITEMHASGENRE (ITEM_ID,GENRE_ID) values ('58','12');
Insert into PE.ITEMHASGENRE (ITEM_ID,GENRE_ID) values ('58','13');
Insert into PE.ITEMHASGENRE (ITEM_ID,GENRE_ID) values ('59','9');
Insert into PE.ITEMHASGENRE (ITEM_ID,GENRE_ID) values ('59','6');
Insert into PE.ITEMHASGENRE (ITEM_ID,GENRE_ID) values ('59','11');
Insert into PE.ITEMHASGENRE (ITEM_ID,GENRE_ID) values ('60','2');
Insert into PE.ITEMHASGENRE (ITEM_ID,GENRE_ID) values ('60','12');
Insert into PE.ITEMHASGENRE (ITEM_ID,GENRE_ID) values ('60','9');
Insert into PE.ITEMHASGENRE (ITEM_ID,GENRE_ID) values ('60','3');
Insert into PE.ITEMHASGENRE (ITEM_ID,GENRE_ID) values ('77','8');
-- ==========================================================================================================
-- INSERTING into PE.ITEMHASREVIEW
/* SET DEFINE OFF; */
Insert into PE.ITEMHASREVIEW (ITEM_ID,REVIEW_ID) values ('61','3');
Insert into PE.ITEMHASREVIEW (ITEM_ID,REVIEW_ID) values ('75','1');
Insert into PE.ITEMHASREVIEW (ITEM_ID,REVIEW_ID) values ('1','4');
Insert into PE.ITEMHASREVIEW (ITEM_ID,REVIEW_ID) values ('2','4');
Insert into PE.ITEMHASREVIEW (ITEM_ID,REVIEW_ID) values ('3','3');
Insert into PE.ITEMHASREVIEW (ITEM_ID,REVIEW_ID) values ('4','5');
Insert into PE.ITEMHASREVIEW (ITEM_ID,REVIEW_ID) values ('5','3');
Insert into PE.ITEMHASREVIEW (ITEM_ID,REVIEW_ID) values ('6','4');
Insert into PE.ITEMHASREVIEW (ITEM_ID,REVIEW_ID) values ('7','4');
Insert into PE.ITEMHASREVIEW (ITEM_ID,REVIEW_ID) values ('8','3');
Insert into PE.ITEMHASREVIEW (ITEM_ID,REVIEW_ID) values ('9','3');
Insert into PE.ITEMHASREVIEW (ITEM_ID,REVIEW_ID) values ('10','5');
Insert into PE.ITEMHASREVIEW (ITEM_ID,REVIEW_ID) values ('11','5');
Insert into PE.ITEMHASREVIEW (ITEM_ID,REVIEW_ID) values ('12','2');
Insert into PE.ITEMHASREVIEW (ITEM_ID,REVIEW_ID) values ('13','1');
Insert into PE.ITEMHASREVIEW (ITEM_ID,REVIEW_ID) values ('14','3');
Insert into PE.ITEMHASREVIEW (ITEM_ID,REVIEW_ID) values ('15','4');
Insert into PE.ITEMHASREVIEW (ITEM_ID,REVIEW_ID) values ('16','5');
Insert into PE.ITEMHASREVIEW (ITEM_ID,REVIEW_ID) values ('17','5');
Insert into PE.ITEMHASREVIEW (ITEM_ID,REVIEW_ID) values ('18','3');
Insert into PE.ITEMHASREVIEW (ITEM_ID,REVIEW_ID) values ('19','5');
Insert into PE.ITEMHASREVIEW (ITEM_ID,REVIEW_ID) values ('20','4');
Insert into PE.ITEMHASREVIEW (ITEM_ID,REVIEW_ID) values ('21','5');
Insert into PE.ITEMHASREVIEW (ITEM_ID,REVIEW_ID) values ('22','4');
Insert into PE.ITEMHASREVIEW (ITEM_ID,REVIEW_ID) values ('23','4');
Insert into PE.ITEMHASREVIEW (ITEM_ID,REVIEW_ID) values ('24','1');
Insert into PE.ITEMHASREVIEW (ITEM_ID,REVIEW_ID) values ('25','4');
Insert into PE.ITEMHASREVIEW (ITEM_ID,REVIEW_ID) values ('26','3');
Insert into PE.ITEMHASREVIEW (ITEM_ID,REVIEW_ID) values ('27','4');
Insert into PE.ITEMHASREVIEW (ITEM_ID,REVIEW_ID) values ('28','2');
Insert into PE.ITEMHASREVIEW (ITEM_ID,REVIEW_ID) values ('29','3');
Insert into PE.ITEMHASREVIEW (ITEM_ID,REVIEW_ID) values ('30','5');
Insert into PE.ITEMHASREVIEW (ITEM_ID,REVIEW_ID) values ('31','3');
Insert into PE.ITEMHASREVIEW (ITEM_ID,REVIEW_ID) values ('32','2');
Insert into PE.ITEMHASREVIEW (ITEM_ID,REVIEW_ID) values ('33','4');
Insert into PE.ITEMHASREVIEW (ITEM_ID,REVIEW_ID) values ('34','2');
Insert into PE.ITEMHASREVIEW (ITEM_ID,REVIEW_ID) values ('35','2');
Insert into PE.ITEMHASREVIEW (ITEM_ID,REVIEW_ID) values ('36','1');
Insert into PE.ITEMHASREVIEW (ITEM_ID,REVIEW_ID) values ('37','3');
Insert into PE.ITEMHASREVIEW (ITEM_ID,REVIEW_ID) values ('38','4');
Insert into PE.ITEMHASREVIEW (ITEM_ID,REVIEW_ID) values ('39','4');
Insert into PE.ITEMHASREVIEW (ITEM_ID,REVIEW_ID) values ('40','1');
Insert into PE.ITEMHASREVIEW (ITEM_ID,REVIEW_ID) values ('41','3');
Insert into PE.ITEMHASREVIEW (ITEM_ID,REVIEW_ID) values ('42','4');
Insert into PE.ITEMHASREVIEW (ITEM_ID,REVIEW_ID) values ('43','5');
Insert into PE.ITEMHASREVIEW (ITEM_ID,REVIEW_ID) values ('44','4');
Insert into PE.ITEMHASREVIEW (ITEM_ID,REVIEW_ID) values ('45','4');
Insert into PE.ITEMHASREVIEW (ITEM_ID,REVIEW_ID) values ('46','4');
Insert into PE.ITEMHASREVIEW (ITEM_ID,REVIEW_ID) values ('47','5');
Insert into PE.ITEMHASREVIEW (ITEM_ID,REVIEW_ID) values ('48','2');
Insert into PE.ITEMHASREVIEW (ITEM_ID,REVIEW_ID) values ('49','3');
Insert into PE.ITEMHASREVIEW (ITEM_ID,REVIEW_ID) values ('50','2');
Insert into PE.ITEMHASREVIEW (ITEM_ID,REVIEW_ID) values ('51','3');
Insert into PE.ITEMHASREVIEW (ITEM_ID,REVIEW_ID) values ('52','1');
Insert into PE.ITEMHASREVIEW (ITEM_ID,REVIEW_ID) values ('53','4');
Insert into PE.ITEMHASREVIEW (ITEM_ID,REVIEW_ID) values ('54','3');
Insert into PE.ITEMHASREVIEW (ITEM_ID,REVIEW_ID) values ('55','5');
Insert into PE.ITEMHASREVIEW (ITEM_ID,REVIEW_ID) values ('56','5');
Insert into PE.ITEMHASREVIEW (ITEM_ID,REVIEW_ID) values ('57','4');
Insert into PE.ITEMHASREVIEW (ITEM_ID,REVIEW_ID) values ('58','4');
Insert into PE.ITEMHASREVIEW (ITEM_ID,REVIEW_ID) values ('59','5');
Insert into PE.ITEMHASREVIEW (ITEM_ID,REVIEW_ID) values ('60','4');
Insert into PE.ITEMHASREVIEW (ITEM_ID,REVIEW_ID) values ('64','4');
Insert into PE.ITEMHASREVIEW (ITEM_ID,REVIEW_ID) values ('65','3');
Insert into PE.ITEMHASREVIEW (ITEM_ID,REVIEW_ID) values ('71','5');
Insert into PE.ITEMHASREVIEW (ITEM_ID,REVIEW_ID) values ('63','2');
Insert into PE.ITEMHASREVIEW (ITEM_ID,REVIEW_ID) values ('66','5');
Insert into PE.ITEMHASREVIEW (ITEM_ID,REVIEW_ID) values ('70','3');
Insert into PE.ITEMHASREVIEW (ITEM_ID,REVIEW_ID) values ('72','3');
Insert into PE.ITEMHASREVIEW (ITEM_ID,REVIEW_ID) values ('73','5');
Insert into PE.ITEMHASREVIEW (ITEM_ID,REVIEW_ID) values ('74','2');
Insert into PE.ITEMHASREVIEW (ITEM_ID,REVIEW_ID) values ('77','3');
Insert into PE.ITEMHASREVIEW (ITEM_ID,REVIEW_ID) values ('76','6');
Insert into PE.ITEMHASREVIEW (ITEM_ID,REVIEW_ID) values ('62','4');
Insert into PE.ITEMHASREVIEW (ITEM_ID,REVIEW_ID) values ('67','6');
Insert into PE.ITEMHASREVIEW (ITEM_ID,REVIEW_ID) values ('68','6');
Insert into PE.ITEMHASREVIEW (ITEM_ID,REVIEW_ID) values ('69','6');
-- ==========================================================================================================
-- INSERTING into PE.PERSON
/* SET DEFINE OFF; */
Insert into PE.PERSON (PERSON_ID,FIRST_NAME,LAST_NAME,EMAIL,PASSWORD,PHONE_NUMBER,BIRTH_DAY,PERSONTYPE_ID) values ('990000052','Dross','Rotzanks','Dross@gmail.com','Iô:QìÄÜE','20361524',str_to_date('11/12/72','%d/%m/%y'),'3');
Insert into PE.PERSON (PERSON_ID,FIRST_NAME,LAST_NAME,EMAIL,PASSWORD,PHONE_NUMBER,BIRTH_DAY,PERSONTYPE_ID) values ('100012','Dante','Allighieri','DanteInferno@gmail.com','Iô:QìÄÜE','85369498',str_to_date('11/12/72','%d/%m/%y'),'3');
Insert into PE.PERSON (PERSON_ID,FIRST_NAME,LAST_NAME,EMAIL,PASSWORD,PHONE_NUMBER,BIRTH_DAY,PERSONTYPE_ID) values ('990000051','Arthur ','Doyle','WatsonNSherlock@gmail.com','Iô:QìÄÜE','20210122',str_to_date('11/12/72','%d/%m/%y'),'3');
Insert into PE.PERSON (PERSON_ID,FIRST_NAME,LAST_NAME,EMAIL,PASSWORD,PHONE_NUMBER,BIRTH_DAY,PERSONTYPE_ID) values ('218238697','Manuel','Gutierrez','tenedor@hotmail.com','A²9^r›ì','22223152',str_to_date('15/03/82','%d/%m/%y'),'2');
Insert into PE.PERSON (PERSON_ID,FIRST_NAME,LAST_NAME,EMAIL,PASSWORD,PHONE_NUMBER,BIRTH_DAY,PERSONTYPE_ID) values ('117610138','Ronaldo','Vindas','rony1211@gmail.com','T>N¬Ðho€H_™úxÛ[Ú','88778841',str_to_date('12/11/99','%d/%m/%y'),'1');
Insert into PE.PERSON (PERSON_ID,FIRST_NAME,LAST_NAME,EMAIL,PASSWORD,PHONE_NUMBER,BIRTH_DAY,PERSONTYPE_ID) values ('801200838','Renzo','Barra','rgbarram@gmail.com','4yÞ-7•','98753215',str_to_date('02/01/99','%d/%m/%y'),'1');
Insert into PE.PERSON (PERSON_ID,FIRST_NAME,LAST_NAME,EMAIL,PASSWORD,PHONE_NUMBER,BIRTH_DAY,PERSONTYPE_ID) values ('402140028','Alvaro','Moreira','andrey192006@hotmail.com','êý<U¬(·¾>úÞœ','87258021',str_to_date('19/02/92','%d/%m/%y'),'1');
Insert into PE.PERSON (PERSON_ID,FIRST_NAME,LAST_NAME,EMAIL,PASSWORD,PHONE_NUMBER,BIRTH_DAY,PERSONTYPE_ID) values ('100000000','Joseph','Chaves','jox@gmail.com','P×ÉrTŸI','87946321',str_to_date('15/05/00','%d/%m/%y'),'2');
Insert into PE.PERSON (PERSON_ID,FIRST_NAME,LAST_NAME,EMAIL,PASSWORD,PHONE_NUMBER,BIRTH_DAY,PERSONTYPE_ID) values ('100000001','Emely','Zarate','Emezar18@gmail.com','À?ä
Öâš÷Þê?å¿üó','26887451',str_to_date('05/07/95','%d/%m/%y'),'2');
Insert into PE.PERSON (PERSON_ID,FIRST_NAME,LAST_NAME,EMAIL,PASSWORD,PHONE_NUMBER,BIRTH_DAY,PERSONTYPE_ID) values ('100000002','Valeria','Aguilar','VAguilar@yahoo.com','>»ÆcASø;','22698725',str_to_date('02/06/02','%d/%m/%y'),'2');
Insert into PE.PERSON (PERSON_ID,FIRST_NAME,LAST_NAME,EMAIL,PASSWORD,PHONE_NUMBER,BIRTH_DAY,PERSONTYPE_ID) values ('100000003','Anthony','Vargas','Tony1522@gmail.com','û®Ý[…Çû','22672146',str_to_date('01/06/03','%d/%m/%y'),'2');
Insert into PE.PERSON (PERSON_ID,FIRST_NAME,LAST_NAME,EMAIL,PASSWORD,PHONE_NUMBER,BIRTH_DAY,PERSONTYPE_ID) values ('100000004','Krissia','Pérez','KrissPM@hotmail.com','£¹°Œõh(¢¡5[ji^™','22676548',str_to_date('31/05/99','%d/%m/%y'),'2');
Insert into PE.PERSON (PERSON_ID,FIRST_NAME,LAST_NAME,EMAIL,PASSWORD,PHONE_NUMBER,BIRTH_DAY,PERSONTYPE_ID) values ('100000005','Emmanuel','Jarquín','Emma123@gmail.com','¬ó?	¼/ I','22651278',str_to_date('30/05/98','%d/%m/%y'),'2');
Insert into PE.PERSON (PERSON_ID,FIRST_NAME,LAST_NAME,EMAIL,PASSWORD,PHONE_NUMBER,BIRTH_DAY,PERSONTYPE_ID) values ('100000006','Jesús','Aguilar','ChusAM@gmail.com','Vcž?­
gT','82654820',str_to_date('29/05/88','%d/%m/%y'),'2');
Insert into PE.PERSON (PERSON_ID,FIRST_NAME,LAST_NAME,EMAIL,PASSWORD,PHONE_NUMBER,BIRTH_DAY,PERSONTYPE_ID) values ('100000007','Javier','Barquero','Raydertre@outlook.com','¼Ñˆ$y©Ò','22621897',str_to_date('28/05/72','%d/%m/%y'),'2');
Insert into PE.PERSON (PERSON_ID,FIRST_NAME,LAST_NAME,EMAIL,PASSWORD,PHONE_NUMBER,BIRTH_DAY,PERSONTYPE_ID) values ('100000008','Rebecca','Madrigal','RebboxMad@gmail.com','Äv  ßOŒ"','89632570',str_to_date('26/05/01','%d/%m/%y'),'2');
Insert into PE.PERSON (PERSON_ID,FIRST_NAME,LAST_NAME,EMAIL,PASSWORD,PHONE_NUMBER,BIRTH_DAY,PERSONTYPE_ID) values ('100000009','Justin','Bogantes','Justino@tec.com','‡ÔÔQ›Aj÷','83654015',str_to_date('24/05/85','%d/%m/%y'),'2');
Insert into PE.PERSON (PERSON_ID,FIRST_NAME,LAST_NAME,EMAIL,PASSWORD,PHONE_NUMBER,BIRTH_DAY,PERSONTYPE_ID) values ('100000010','Alejandra','Rivera','alitadepol@yahoo.com','Yí¨1×ðÏY .žáp c³','81254798',str_to_date('23/05/93','%d/%m/%y'),'2');
Insert into PE.PERSON (PERSON_ID,FIRST_NAME,LAST_NAME,EMAIL,PASSWORD,PHONE_NUMBER,BIRTH_DAY,PERSONTYPE_ID) values ('100000011','Joselyn','Rodríguez','Joss45451@gmail.com','`:“¥SÈ%','78965215',str_to_date('22/05/87','%d/%m/%y'),'2');
Insert into PE.PERSON (PERSON_ID,FIRST_NAME,LAST_NAME,EMAIL,PASSWORD,PHONE_NUMBER,BIRTH_DAY,PERSONTYPE_ID) values ('100000012','Keylor','Navas','SanNavas@hotmail.com','E¯«â»È[‚','89215821',str_to_date('21/05/99','%d/%m/%y'),'2');
Insert into PE.PERSON (PERSON_ID,FIRST_NAME,LAST_NAME,EMAIL,PASSWORD,PHONE_NUMBER,BIRTH_DAY,PERSONTYPE_ID) values ('100000013','Valery','Vega','VValery@yahoo.com.com','½¡™õ5EØ{','89646851',str_to_date('19/05/01','%d/%m/%y'),'2');
Insert into PE.PERSON (PERSON_ID,FIRST_NAME,LAST_NAME,EMAIL,PASSWORD,PHONE_NUMBER,BIRTH_DAY,PERSONTYPE_ID) values ('100000014','Josue','Siles','Siles@gmail.com','5:vÌVI','72357801',str_to_date('18/05/98','%d/%m/%y'),'2');
Insert into PE.PERSON (PERSON_ID,FIRST_NAME,LAST_NAME,EMAIL,PASSWORD,PHONE_NUMBER,BIRTH_DAY,PERSONTYPE_ID) values ('100000015','Dennis','angulo','Dernudo@outlook.com','ì¯â/Õ
[','98746526',str_to_date('17/05/93','%d/%m/%y'),'2');
Insert into PE.PERSON (PERSON_ID,FIRST_NAME,LAST_NAME,EMAIL,PASSWORD,PHONE_NUMBER,BIRTH_DAY,PERSONTYPE_ID) values ('100000016','Ishtar','Saborio','servantesCD@outlook.com','„Žs`?,','98746526',str_to_date('10/01/94','%d/%m/%y'),'2');
Insert into PE.PERSON (PERSON_ID,FIRST_NAME,LAST_NAME,EMAIL,PASSWORD,PHONE_NUMBER,BIRTH_DAY,PERSONTYPE_ID) values ('990000000','Joanne','Rowling','J.K.Rowling@pottermore.com','1234556','98765432',str_to_date('30/07/65','%d/%m/%y'),'3');
Insert into PE.PERSON (PERSON_ID,FIRST_NAME,LAST_NAME,EMAIL,PASSWORD,PHONE_NUMBER,BIRTH_DAY,PERSONTYPE_ID) values ('990000001','Stephen','King ','StephenKing@hotmail.com','1234557','98765433',str_to_date('21/09/47','%d/%m/%y'),'3');
Insert into PE.PERSON (PERSON_ID,FIRST_NAME,LAST_NAME,EMAIL,PASSWORD,PHONE_NUMBER,BIRTH_DAY,PERSONTYPE_ID) values ('990000002','Isabel','Allende','Allende@hotmail.com','1234558','98765434',str_to_date('02/08/42','%d/%m/%y'),'3');
Insert into PE.PERSON (PERSON_ID,FIRST_NAME,LAST_NAME,EMAIL,PASSWORD,PHONE_NUMBER,BIRTH_DAY,PERSONTYPE_ID) values ('990000003','Brian','Herbert','Herbert@hotmail.com','1234559','98765435',str_to_date('29/06/47','%d/%m/%y'),'3');
Insert into PE.PERSON (PERSON_ID,FIRST_NAME,LAST_NAME,EMAIL,PASSWORD,PHONE_NUMBER,BIRTH_DAY,PERSONTYPE_ID) values ('990000004','Ana','Frank','AnaFrank@hotmail.com','1234560','98765436',str_to_date('12/06/29','%d/%m/%y'),'3');
Insert into PE.PERSON (PERSON_ID,FIRST_NAME,LAST_NAME,EMAIL,PASSWORD,PHONE_NUMBER,BIRTH_DAY,PERSONTYPE_ID) values ('990000005','Joseph','Gelinek','JosephGelinek@hotmail.com','Iô:QìÄÜE','25833122',str_to_date('11/12/72','%d/%m/%y'),'3');
Insert into PE.PERSON (PERSON_ID,FIRST_NAME,LAST_NAME,EMAIL,PASSWORD,PHONE_NUMBER,BIRTH_DAY,PERSONTYPE_ID) values ('990000006','kimberly','parsons','yohalife@hotmail.com','1234562','98765438',str_to_date('30/07/83','%d/%m/%y'),'3');
Insert into PE.PERSON (PERSON_ID,FIRST_NAME,LAST_NAME,EMAIL,PASSWORD,PHONE_NUMBER,BIRTH_DAY,PERSONTYPE_ID) values ('990000007','Ernest','Cline','rpy@hotmail.com','1234563','98765439',str_to_date('29/03/72','%d/%m/%y'),'3');
Insert into PE.PERSON (PERSON_ID,FIRST_NAME,LAST_NAME,EMAIL,PASSWORD,PHONE_NUMBER,BIRTH_DAY,PERSONTYPE_ID) values ('990000008','Daniel','Defoe','dd@hotmail.com','1234564','98765440',str_to_date('10/10/60','%d/%m/%y'),'3');
Insert into PE.PERSON (PERSON_ID,FIRST_NAME,LAST_NAME,EMAIL,PASSWORD,PHONE_NUMBER,BIRTH_DAY,PERSONTYPE_ID) values ('990000009','Derek','Kolstad','Kolstad@hotmail.com','1234565','98765441',str_to_date('30/07/74','%d/%m/%y'),'3');
Insert into PE.PERSON (PERSON_ID,FIRST_NAME,LAST_NAME,EMAIL,PASSWORD,PHONE_NUMBER,BIRTH_DAY,PERSONTYPE_ID) values ('990000010','George','Lucas','jjbean@hotmail.com','1234566','98765442',str_to_date('14/05/44','%d/%m/%y'),'3');
Insert into PE.PERSON (PERSON_ID,FIRST_NAME,LAST_NAME,EMAIL,PASSWORD,PHONE_NUMBER,BIRTH_DAY,PERSONTYPE_ID) values ('990000011','Brad','Bird','Bird@hotmail.com','1234567','98765443',str_to_date('24/09/57','%d/%m/%y'),'3');
Insert into PE.PERSON (PERSON_ID,FIRST_NAME,LAST_NAME,EMAIL,PASSWORD,PHONE_NUMBER,BIRTH_DAY,PERSONTYPE_ID) values ('990000012','Hayao','Miyazaki','Miyazaki@jpn.com','1234568','98765444',str_to_date('05/01/41','%d/%m/%y'),'3');
Insert into PE.PERSON (PERSON_ID,FIRST_NAME,LAST_NAME,EMAIL,PASSWORD,PHONE_NUMBER,BIRTH_DAY,PERSONTYPE_ID) values ('990000013','Ted','Elliot','Elliot@hotmail.com','1234569','98765445',str_to_date('04/07/61','%d/%m/%y'),'3');
Insert into PE.PERSON (PERSON_ID,FIRST_NAME,LAST_NAME,EMAIL,PASSWORD,PHONE_NUMBER,BIRTH_DAY,PERSONTYPE_ID) values ('990000014','Ron','Clements','Clements@hotmail.com','1234570','98765446',str_to_date('25/04/53','%d/%m/%y'),'3');
Insert into PE.PERSON (PERSON_ID,FIRST_NAME,LAST_NAME,EMAIL,PASSWORD,PHONE_NUMBER,BIRTH_DAY,PERSONTYPE_ID) values ('990000015','Peter','Ramsey','Ramsey@hotmail.com','1234571','98765447',str_to_date('23/12/62','%d/%m/%y'),'3');
Insert into PE.PERSON (PERSON_ID,FIRST_NAME,LAST_NAME,EMAIL,PASSWORD,PHONE_NUMBER,BIRTH_DAY,PERSONTYPE_ID) values ('990000016','Roger','Allers','Allers@hotmail.com','1234572','98765448',str_to_date('29/06/49','%d/%m/%y'),'3');
Insert into PE.PERSON (PERSON_ID,FIRST_NAME,LAST_NAME,EMAIL,PASSWORD,PHONE_NUMBER,BIRTH_DAY,PERSONTYPE_ID) values ('990000017','Andy','Muschietti','Muschietti@hotmail.com','1234573','98765449',str_to_date('26/08/73','%d/%m/%y'),'3');
Insert into PE.PERSON (PERSON_ID,FIRST_NAME,LAST_NAME,EMAIL,PASSWORD,PHONE_NUMBER,BIRTH_DAY,PERSONTYPE_ID) values ('990000018','Steven','Spielberg','Spielberg@hotmail.com','1234574','98765450',str_to_date('18/12/46','%d/%m/%y'),'3');
Insert into PE.PERSON (PERSON_ID,FIRST_NAME,LAST_NAME,EMAIL,PASSWORD,PHONE_NUMBER,BIRTH_DAY,PERSONTYPE_ID) values ('990000019','Peter','Jackson','Jackson@hotmail.com','1234575','98765451',str_to_date('31/10/61','%d/%m/%y'),'3');
Insert into PE.PERSON (PERSON_ID,FIRST_NAME,LAST_NAME,EMAIL,PASSWORD,PHONE_NUMBER,BIRTH_DAY,PERSONTYPE_ID) values ('990000020','Gary ','Ross','Ross@hotmail.com','1234576','98765452',str_to_date('03/11/56','%d/%m/%y'),'3');
Insert into PE.PERSON (PERSON_ID,FIRST_NAME,LAST_NAME,EMAIL,PASSWORD,PHONE_NUMBER,BIRTH_DAY,PERSONTYPE_ID) values ('990000021','James','Cameron','Cameron@hotmail.com','1234577','98765453',str_to_date('16/08/54','%d/%m/%y'),'3');
Insert into PE.PERSON (PERSON_ID,FIRST_NAME,LAST_NAME,EMAIL,PASSWORD,PHONE_NUMBER,BIRTH_DAY,PERSONTYPE_ID) values ('990000022','John','Lasseter','Lasseter@hotmail.com','1234578','98765454',str_to_date('12/01/57','%d/%m/%y'),'3');
Insert into PE.PERSON (PERSON_ID,FIRST_NAME,LAST_NAME,EMAIL,PASSWORD,PHONE_NUMBER,BIRTH_DAY,PERSONTYPE_ID) values ('990000023','Jerry','Siegel','Siegel@hotmail.com','1234579','98765455',str_to_date('17/10/14','%d/%m/%y'),'3');
Insert into PE.PERSON (PERSON_ID,FIRST_NAME,LAST_NAME,EMAIL,PASSWORD,PHONE_NUMBER,BIRTH_DAY,PERSONTYPE_ID) values ('990000024','Jim','Starlin','Starlin@hotmail.com','1234580','98765456',str_to_date('09/10/49','%d/%m/%y'),'3');
Insert into PE.PERSON (PERSON_ID,FIRST_NAME,LAST_NAME,EMAIL,PASSWORD,PHONE_NUMBER,BIRTH_DAY,PERSONTYPE_ID) values ('990000025','Scott','Snyder','Snyder@hotmail.com','1234581','98765457',str_to_date('01/01/76','%d/%m/%y'),'3');
Insert into PE.PERSON (PERSON_ID,FIRST_NAME,LAST_NAME,EMAIL,PASSWORD,PHONE_NUMBER,BIRTH_DAY,PERSONTYPE_ID) values ('990000026','Alan','Moore','Moore@hotmail.com','1234582','98765458',str_to_date('18/11/53','%d/%m/%y'),'3');
Insert into PE.PERSON (PERSON_ID,FIRST_NAME,LAST_NAME,EMAIL,PASSWORD,PHONE_NUMBER,BIRTH_DAY,PERSONTYPE_ID) values ('990000027','Mac','Walters','Walters@hotmail.com','1234583','98765459',str_to_date('21/12/81','%d/%m/%y'),'3');
Insert into PE.PERSON (PERSON_ID,FIRST_NAME,LAST_NAME,EMAIL,PASSWORD,PHONE_NUMBER,BIRTH_DAY,PERSONTYPE_ID) values ('990000028','Tom','Taylor','Taylor@hotmail.com','1234583','98765460',str_to_date('16/07/01','%d/%m/%y'),'3');
Insert into PE.PERSON (PERSON_ID,FIRST_NAME,LAST_NAME,EMAIL,PASSWORD,PHONE_NUMBER,BIRTH_DAY,PERSONTYPE_ID) values ('990000029','Nick','Spencer','Spencer@hotmail.com','1234584','98765461',str_to_date('07/10/91','%d/%m/%y'),'3');
Insert into PE.PERSON (PERSON_ID,FIRST_NAME,LAST_NAME,EMAIL,PASSWORD,PHONE_NUMBER,BIRTH_DAY,PERSONTYPE_ID) values ('990000030','Jim','Shooter','Shooter@hotmail.com','1234585','98765462',str_to_date('27/09/51','%d/%m/%y'),'3');
Insert into PE.PERSON (PERSON_ID,FIRST_NAME,LAST_NAME,EMAIL,PASSWORD,PHONE_NUMBER,BIRTH_DAY,PERSONTYPE_ID) values ('990000031','Geoff','Johns','Johns@hotmail.com','1234586','98765463',str_to_date('25/01/73','%d/%m/%y'),'3');
Insert into PE.PERSON (PERSON_ID,FIRST_NAME,LAST_NAME,EMAIL,PASSWORD,PHONE_NUMBER,BIRTH_DAY,PERSONTYPE_ID) values ('990000032','Frank','Miller','Miller@hotmail.com','1234587','98765464',str_to_date('27/01/57','%d/%m/%y'),'3');
Insert into PE.PERSON (PERSON_ID,FIRST_NAME,LAST_NAME,EMAIL,PASSWORD,PHONE_NUMBER,BIRTH_DAY,PERSONTYPE_ID) values ('990000033','Bryan','Omalley','omalleys@hotmail.com','1234588','98765465',str_to_date('16/03/43','%d/%m/%y'),'3');
Insert into PE.PERSON (PERSON_ID,FIRST_NAME,LAST_NAME,EMAIL,PASSWORD,PHONE_NUMBER,BIRTH_DAY,PERSONTYPE_ID) values ('990000034','Stan','Lee','gstanoleed@hotmail.com','1234589','98765466',str_to_date('28/12/22','%d/%m/%y'),'3');
Insert into PE.PERSON (PERSON_ID,FIRST_NAME,LAST_NAME,EMAIL,PASSWORD,PHONE_NUMBER,BIRTH_DAY,PERSONTYPE_ID) values ('990000035','Jason','Uyeda','Uyeda@hotmail.com','1234590','98765467',str_to_date('06/05/92','%d/%m/%y'),'3');
Insert into PE.PERSON (PERSON_ID,FIRST_NAME,LAST_NAME,EMAIL,PASSWORD,PHONE_NUMBER,BIRTH_DAY,PERSONTYPE_ID) values ('990000036','Andy','Gavin','Gavin@hotmail.com','1234591','98765468',str_to_date('11/06/70','%d/%m/%y'),'3');
Insert into PE.PERSON (PERSON_ID,FIRST_NAME,LAST_NAME,EMAIL,PASSWORD,PHONE_NUMBER,BIRTH_DAY,PERSONTYPE_ID) values ('990000037','Takao','Shimizu','Shimizu@hotmail.com','1234592','98765468',str_to_date('29/06/65','%d/%m/%y'),'3');
Insert into PE.PERSON (PERSON_ID,FIRST_NAME,LAST_NAME,EMAIL,PASSWORD,PHONE_NUMBER,BIRTH_DAY,PERSONTYPE_ID) values ('990000038','Jason','Jones','Jones@hotmail.com','1234593','98765469',str_to_date('03/06/73','%d/%m/%y'),'3');
Insert into PE.PERSON (PERSON_ID,FIRST_NAME,LAST_NAME,EMAIL,PASSWORD,PHONE_NUMBER,BIRTH_DAY,PERSONTYPE_ID) values ('990000039','Takashi','Tezuka','Tezuka@hotmail.com','1234594','98765470',str_to_date('17/11/60','%d/%m/%y'),'3');
Insert into PE.PERSON (PERSON_ID,FIRST_NAME,LAST_NAME,EMAIL,PASSWORD,PHONE_NUMBER,BIRTH_DAY,PERSONTYPE_ID) values ('990000040','Alez','Ward','Ward@hotmail.com','1234595','98765471',str_to_date('30/04/90','%d/%m/%y'),'3');
Insert into PE.PERSON (PERSON_ID,FIRST_NAME,LAST_NAME,EMAIL,PASSWORD,PHONE_NUMBER,BIRTH_DAY,PERSONTYPE_ID) values ('990000041','Shun','Nakamura','Nakamura@hotmail.com','1234596','98765472',str_to_date('24/06/78','%d/%m/%y'),'3');
Insert into PE.PERSON (PERSON_ID,FIRST_NAME,LAST_NAME,EMAIL,PASSWORD,PHONE_NUMBER,BIRTH_DAY,PERSONTYPE_ID) values ('990000042','Bernd','Diemer','Diemer@hotmail.com','1234597','98765473',str_to_date('28/02/83','%d/%m/%y'),'3');
Insert into PE.PERSON (PERSON_ID,FIRST_NAME,LAST_NAME,EMAIL,PASSWORD,PHONE_NUMBER,BIRTH_DAY,PERSONTYPE_ID) values ('990000043','Naoto','Oshima','Oshima@hotmail.com','1234598','98765474',str_to_date('26/02/64','%d/%m/%y'),'3');
Insert into PE.PERSON (PERSON_ID,FIRST_NAME,LAST_NAME,EMAIL,PASSWORD,PHONE_NUMBER,BIRTH_DAY,PERSONTYPE_ID) values ('990000044','Yoshinori','Kitase','Kitase@hotmail.com','1234599','98765474',str_to_date('23/09/66','%d/%m/%y'),'3');
Insert into PE.PERSON (PERSON_ID,FIRST_NAME,LAST_NAME,EMAIL,PASSWORD,PHONE_NUMBER,BIRTH_DAY,PERSONTYPE_ID) values ('990000045','Toru','Hagihara','Hagihara@hotmail.com','12345600','98765475',str_to_date('04/04/58','%d/%m/%y'),'3');
Insert into PE.PERSON (PERSON_ID,FIRST_NAME,LAST_NAME,EMAIL,PASSWORD,PHONE_NUMBER,BIRTH_DAY,PERSONTYPE_ID) values ('990000046','Chris','Seavor','Seavor@hotmail.com','1234601','98765476',str_to_date('20/07/68','%d/%m/%y'),'3');
Insert into PE.PERSON (PERSON_ID,FIRST_NAME,LAST_NAME,EMAIL,PASSWORD,PHONE_NUMBER,BIRTH_DAY,PERSONTYPE_ID) values ('990000047','Toshihiro','Nagoshi','Nagoshi@hotmail.com','1234602','98765477',str_to_date('17/06/65','%d/%m/%y'),'3');
Insert into PE.PERSON (PERSON_ID,FIRST_NAME,LAST_NAME,EMAIL,PASSWORD,PHONE_NUMBER,BIRTH_DAY,PERSONTYPE_ID) values ('990000048','Cory','Barlog','Barlog@hotmail.com','1234603','98765478',str_to_date('02/09/75','%d/%m/%y'),'3');
Insert into PE.PERSON (PERSON_ID,FIRST_NAME,LAST_NAME,EMAIL,PASSWORD,PHONE_NUMBER,BIRTH_DAY,PERSONTYPE_ID) values ('990000049','Chris','Colunbus','Colunbus@hotmail.com','1234604','98765479',str_to_date('10/09/58','%d/%m/%y'),'3');
Insert into PE.PERSON (PERSON_ID,FIRST_NAME,LAST_NAME,EMAIL,PASSWORD,PHONE_NUMBER,BIRTH_DAY,PERSONTYPE_ID) values ('990000050','Kenji','Kanno','Kanno@hotmail.com','1234605','98765480',str_to_date('28/02/52','%d/%m/%y'),'3');
Insert into PE.PERSON (PERSON_ID,FIRST_NAME,LAST_NAME,EMAIL,PASSWORD,PHONE_NUMBER,BIRTH_DAY,PERSONTYPE_ID) values ('402140027','Adrian','Rivera','riveras@gmail.com','‰ ]äxTz','22565023',str_to_date('12/04/80','%d/%m/%y'),'2');
Insert into PE.PERSON (PERSON_ID,FIRST_NAME,LAST_NAME,EMAIL,PASSWORD,PHONE_NUMBER,BIRTH_DAY,PERSONTYPE_ID) values ('2','Unknown','Unknown','Unknown@Mystery.com','Iô:QìÄÜE','00000001',str_to_date('11/12/72','%d/%m/%y'),'3');
-- ==========================================================================================================
-- INSERTING into PE.PERSONCREATESITEM
/* SET DEFINE OFF; */
Insert into PE.PERSONCREATESITEM (PERSON_ID,ITEM_ID) values ('2','67');
Insert into PE.PERSONCREATESITEM (PERSON_ID,ITEM_ID) values ('2','76');
Insert into PE.PERSONCREATESITEM (PERSON_ID,ITEM_ID) values ('990000039','68');
Insert into PE.PERSONCREATESITEM (PERSON_ID,ITEM_ID) values ('990000052','69');
Insert into PE.PERSONCREATESITEM (PERSON_ID,ITEM_ID) values ('990000051','65');
Insert into PE.PERSONCREATESITEM (PERSON_ID,ITEM_ID) values ('990000044','61');
Insert into PE.PERSONCREATESITEM (PERSON_ID,ITEM_ID) values ('990000039','62');
Insert into PE.PERSONCREATESITEM (PERSON_ID,ITEM_ID) values ('990000033','63');
Insert into PE.PERSONCREATESITEM (PERSON_ID,ITEM_ID) values ('990000036','75');
Insert into PE.PERSONCREATESITEM (PERSON_ID,ITEM_ID) values ('2','71');
Insert into PE.PERSONCREATESITEM (PERSON_ID,ITEM_ID) values ('990000000','1');
Insert into PE.PERSONCREATESITEM (PERSON_ID,ITEM_ID) values ('990000000','2');
Insert into PE.PERSONCREATESITEM (PERSON_ID,ITEM_ID) values ('990000000','3');
Insert into PE.PERSONCREATESITEM (PERSON_ID,ITEM_ID) values ('990000000','4');
Insert into PE.PERSONCREATESITEM (PERSON_ID,ITEM_ID) values ('990000000','5');
Insert into PE.PERSONCREATESITEM (PERSON_ID,ITEM_ID) values ('990000000','6');
Insert into PE.PERSONCREATESITEM (PERSON_ID,ITEM_ID) values ('990000000','7');
Insert into PE.PERSONCREATESITEM (PERSON_ID,ITEM_ID) values ('990000001','8');
Insert into PE.PERSONCREATESITEM (PERSON_ID,ITEM_ID) values ('990000002','9');
Insert into PE.PERSONCREATESITEM (PERSON_ID,ITEM_ID) values ('990000003','10');
Insert into PE.PERSONCREATESITEM (PERSON_ID,ITEM_ID) values ('990000004','11');
Insert into PE.PERSONCREATESITEM (PERSON_ID,ITEM_ID) values ('990000005','12');
Insert into PE.PERSONCREATESITEM (PERSON_ID,ITEM_ID) values ('990000006','13');
Insert into PE.PERSONCREATESITEM (PERSON_ID,ITEM_ID) values ('990000007','14');
Insert into PE.PERSONCREATESITEM (PERSON_ID,ITEM_ID) values ('990000008','15');
Insert into PE.PERSONCREATESITEM (PERSON_ID,ITEM_ID) values ('990000009','16');
Insert into PE.PERSONCREATESITEM (PERSON_ID,ITEM_ID) values ('990000010','17');
Insert into PE.PERSONCREATESITEM (PERSON_ID,ITEM_ID) values ('990000011','18');
Insert into PE.PERSONCREATESITEM (PERSON_ID,ITEM_ID) values ('990000012','19');
Insert into PE.PERSONCREATESITEM (PERSON_ID,ITEM_ID) values ('990000013','20');
Insert into PE.PERSONCREATESITEM (PERSON_ID,ITEM_ID) values ('990000014','21');
Insert into PE.PERSONCREATESITEM (PERSON_ID,ITEM_ID) values ('990000015','22');
Insert into PE.PERSONCREATESITEM (PERSON_ID,ITEM_ID) values ('990000016','23');
Insert into PE.PERSONCREATESITEM (PERSON_ID,ITEM_ID) values ('990000017','24');
Insert into PE.PERSONCREATESITEM (PERSON_ID,ITEM_ID) values ('990000018','25');
Insert into PE.PERSONCREATESITEM (PERSON_ID,ITEM_ID) values ('990000049','26');
Insert into PE.PERSONCREATESITEM (PERSON_ID,ITEM_ID) values ('990000019','27');
Insert into PE.PERSONCREATESITEM (PERSON_ID,ITEM_ID) values ('990000020','28');
Insert into PE.PERSONCREATESITEM (PERSON_ID,ITEM_ID) values ('990000021','29');
Insert into PE.PERSONCREATESITEM (PERSON_ID,ITEM_ID) values ('990000022','30');
Insert into PE.PERSONCREATESITEM (PERSON_ID,ITEM_ID) values ('990000023','31');
Insert into PE.PERSONCREATESITEM (PERSON_ID,ITEM_ID) values ('990000024','32');
Insert into PE.PERSONCREATESITEM (PERSON_ID,ITEM_ID) values ('990000025','33');
Insert into PE.PERSONCREATESITEM (PERSON_ID,ITEM_ID) values ('990000026','34');
Insert into PE.PERSONCREATESITEM (PERSON_ID,ITEM_ID) values ('990000027','35');
Insert into PE.PERSONCREATESITEM (PERSON_ID,ITEM_ID) values ('990000028','36');
Insert into PE.PERSONCREATESITEM (PERSON_ID,ITEM_ID) values ('990000029','37');
Insert into PE.PERSONCREATESITEM (PERSON_ID,ITEM_ID) values ('990000030','38');
Insert into PE.PERSONCREATESITEM (PERSON_ID,ITEM_ID) values ('990000025','39');
Insert into PE.PERSONCREATESITEM (PERSON_ID,ITEM_ID) values ('990000031','40');
Insert into PE.PERSONCREATESITEM (PERSON_ID,ITEM_ID) values ('990000032','41');
Insert into PE.PERSONCREATESITEM (PERSON_ID,ITEM_ID) values ('990000026','42');
Insert into PE.PERSONCREATESITEM (PERSON_ID,ITEM_ID) values ('990000033','43');
Insert into PE.PERSONCREATESITEM (PERSON_ID,ITEM_ID) values ('990000032','44');
Insert into PE.PERSONCREATESITEM (PERSON_ID,ITEM_ID) values ('990000034','45');
Insert into PE.PERSONCREATESITEM (PERSON_ID,ITEM_ID) values ('990000035','46');
Insert into PE.PERSONCREATESITEM (PERSON_ID,ITEM_ID) values ('990000036','47');
Insert into PE.PERSONCREATESITEM (PERSON_ID,ITEM_ID) values ('990000037','48');
Insert into PE.PERSONCREATESITEM (PERSON_ID,ITEM_ID) values ('990000038','49');
Insert into PE.PERSONCREATESITEM (PERSON_ID,ITEM_ID) values ('990000039','50');
Insert into PE.PERSONCREATESITEM (PERSON_ID,ITEM_ID) values ('990000050','51');
Insert into PE.PERSONCREATESITEM (PERSON_ID,ITEM_ID) values ('990000040','52');
Insert into PE.PERSONCREATESITEM (PERSON_ID,ITEM_ID) values ('990000041','53');
Insert into PE.PERSONCREATESITEM (PERSON_ID,ITEM_ID) values ('990000042','54');
Insert into PE.PERSONCREATESITEM (PERSON_ID,ITEM_ID) values ('990000043','55');
Insert into PE.PERSONCREATESITEM (PERSON_ID,ITEM_ID) values ('990000044','56');
Insert into PE.PERSONCREATESITEM (PERSON_ID,ITEM_ID) values ('990000045','57');
Insert into PE.PERSONCREATESITEM (PERSON_ID,ITEM_ID) values ('990000046','58');
Insert into PE.PERSONCREATESITEM (PERSON_ID,ITEM_ID) values ('990000047','59');
Insert into PE.PERSONCREATESITEM (PERSON_ID,ITEM_ID) values ('990000048','60');
Insert into PE.PERSONCREATESITEM (PERSON_ID,ITEM_ID) values ('100012','66');
Insert into PE.PERSONCREATESITEM (PERSON_ID,ITEM_ID) values ('2','70');
Insert into PE.PERSONCREATESITEM (PERSON_ID,ITEM_ID) values ('990000018','72');
Insert into PE.PERSONCREATESITEM (PERSON_ID,ITEM_ID) values ('2','73');
Insert into PE.PERSONCREATESITEM (PERSON_ID,ITEM_ID) values ('990000037','74');
Insert into PE.PERSONCREATESITEM (PERSON_ID,ITEM_ID) values ('990000046','77');
-- ==========================================================================================================
-- INSERTING into PE.PERSONHASITEM
/* SET DEFINE OFF; */
Insert into PE.PERSONHASITEM (PERSON_ID,ITEM_ID) values ('117610138','61');
Insert into PE.PERSONHASITEM (PERSON_ID,ITEM_ID) values ('117610138','62');
Insert into PE.PERSONHASITEM (PERSON_ID,ITEM_ID) values ('117610138','65');
Insert into PE.PERSONHASITEM (PERSON_ID,ITEM_ID) values ('801200838','77');
Insert into PE.PERSONHASITEM (PERSON_ID,ITEM_ID) values ('801200838','64');
Insert into PE.PERSONHASITEM (PERSON_ID,ITEM_ID) values ('801200838','71');
Insert into PE.PERSONHASITEM (PERSON_ID,ITEM_ID) values ('402140028','63');
Insert into PE.PERSONHASITEM (PERSON_ID,ITEM_ID) values ('402140028','66');
Insert into PE.PERSONHASITEM (PERSON_ID,ITEM_ID) values ('801200838','70');
Insert into PE.PERSONHASITEM (PERSON_ID,ITEM_ID) values ('801200838','72');
Insert into PE.PERSONHASITEM (PERSON_ID,ITEM_ID) values ('801200838','73');
Insert into PE.PERSONHASITEM (PERSON_ID,ITEM_ID) values ('801200838','74');
Insert into PE.PERSONHASITEM (PERSON_ID,ITEM_ID) values ('801200838','75');
Insert into PE.PERSONHASITEM (PERSON_ID,ITEM_ID) values ('117610138','76');
Insert into PE.PERSONHASITEM (PERSON_ID,ITEM_ID) values ('117610138','10');
Insert into PE.PERSONHASITEM (PERSON_ID,ITEM_ID) values ('117610138','47');
Insert into PE.PERSONHASITEM (PERSON_ID,ITEM_ID) values ('117610138','32');
Insert into PE.PERSONHASITEM (PERSON_ID,ITEM_ID) values ('117610138','59');
Insert into PE.PERSONHASITEM (PERSON_ID,ITEM_ID) values ('801200838','11');
Insert into PE.PERSONHASITEM (PERSON_ID,ITEM_ID) values ('801200838','17');
Insert into PE.PERSONHASITEM (PERSON_ID,ITEM_ID) values ('801200838','41');
Insert into PE.PERSONHASITEM (PERSON_ID,ITEM_ID) values ('402140028','58');
Insert into PE.PERSONHASITEM (PERSON_ID,ITEM_ID) values ('402140028','16');
Insert into PE.PERSONHASITEM (PERSON_ID,ITEM_ID) values ('402140028','22');
Insert into PE.PERSONHASITEM (PERSON_ID,ITEM_ID) values ('100000000','1');
Insert into PE.PERSONHASITEM (PERSON_ID,ITEM_ID) values ('100000000','2');
Insert into PE.PERSONHASITEM (PERSON_ID,ITEM_ID) values ('100000000','3');
Insert into PE.PERSONHASITEM (PERSON_ID,ITEM_ID) values ('100000001','4');
Insert into PE.PERSONHASITEM (PERSON_ID,ITEM_ID) values ('100000001','5');
Insert into PE.PERSONHASITEM (PERSON_ID,ITEM_ID) values ('100000001','6');
Insert into PE.PERSONHASITEM (PERSON_ID,ITEM_ID) values ('100000002','8');
Insert into PE.PERSONHASITEM (PERSON_ID,ITEM_ID) values ('100000002','18');
Insert into PE.PERSONHASITEM (PERSON_ID,ITEM_ID) values ('100000002','48');
Insert into PE.PERSONHASITEM (PERSON_ID,ITEM_ID) values ('100000003','9');
Insert into PE.PERSONHASITEM (PERSON_ID,ITEM_ID) values ('100000003','23');
Insert into PE.PERSONHASITEM (PERSON_ID,ITEM_ID) values ('100000003','42');
Insert into PE.PERSONHASITEM (PERSON_ID,ITEM_ID) values ('100000004','20');
Insert into PE.PERSONHASITEM (PERSON_ID,ITEM_ID) values ('100000004','35');
Insert into PE.PERSONHASITEM (PERSON_ID,ITEM_ID) values ('100000004','55');
Insert into PE.PERSONHASITEM (PERSON_ID,ITEM_ID) values ('100000005','12');
Insert into PE.PERSONHASITEM (PERSON_ID,ITEM_ID) values ('100000005','24');
Insert into PE.PERSONHASITEM (PERSON_ID,ITEM_ID) values ('100000005','34');
Insert into PE.PERSONHASITEM (PERSON_ID,ITEM_ID) values ('100000006','21');
Insert into PE.PERSONHASITEM (PERSON_ID,ITEM_ID) values ('100000006','43');
Insert into PE.PERSONHASITEM (PERSON_ID,ITEM_ID) values ('100000006','54');
Insert into PE.PERSONHASITEM (PERSON_ID,ITEM_ID) values ('100000007','13');
Insert into PE.PERSONHASITEM (PERSON_ID,ITEM_ID) values ('100000007','27');
Insert into PE.PERSONHASITEM (PERSON_ID,ITEM_ID) values ('100000007','60');
Insert into PE.PERSONHASITEM (PERSON_ID,ITEM_ID) values ('100000008','14');
Insert into PE.PERSONHASITEM (PERSON_ID,ITEM_ID) values ('100000008','53');
Insert into PE.PERSONHASITEM (PERSON_ID,ITEM_ID) values ('100000008','28');
Insert into PE.PERSONHASITEM (PERSON_ID,ITEM_ID) values ('100000009','15');
Insert into PE.PERSONHASITEM (PERSON_ID,ITEM_ID) values ('100000009','25');
Insert into PE.PERSONHASITEM (PERSON_ID,ITEM_ID) values ('100000009','45');
Insert into PE.PERSONHASITEM (PERSON_ID,ITEM_ID) values ('100000010','19');
Insert into PE.PERSONHASITEM (PERSON_ID,ITEM_ID) values ('100000010','26');
Insert into PE.PERSONHASITEM (PERSON_ID,ITEM_ID) values ('100000010','51');
Insert into PE.PERSONHASITEM (PERSON_ID,ITEM_ID) values ('100000011','29');
Insert into PE.PERSONHASITEM (PERSON_ID,ITEM_ID) values ('100000011','40');
Insert into PE.PERSONHASITEM (PERSON_ID,ITEM_ID) values ('100000011','56');
Insert into PE.PERSONHASITEM (PERSON_ID,ITEM_ID) values ('100000012','30');
Insert into PE.PERSONHASITEM (PERSON_ID,ITEM_ID) values ('100000012','39');
Insert into PE.PERSONHASITEM (PERSON_ID,ITEM_ID) values ('100000012','50');
Insert into PE.PERSONHASITEM (PERSON_ID,ITEM_ID) values ('100000013','31');
Insert into PE.PERSONHASITEM (PERSON_ID,ITEM_ID) values ('100000013','49');
Insert into PE.PERSONHASITEM (PERSON_ID,ITEM_ID) values ('100000013','46');
Insert into PE.PERSONHASITEM (PERSON_ID,ITEM_ID) values ('100000014','33');
Insert into PE.PERSONHASITEM (PERSON_ID,ITEM_ID) values ('100000014','36');
Insert into PE.PERSONHASITEM (PERSON_ID,ITEM_ID) values ('100000014','44');
Insert into PE.PERSONHASITEM (PERSON_ID,ITEM_ID) values ('100000015','37');
Insert into PE.PERSONHASITEM (PERSON_ID,ITEM_ID) values ('100000015','52');
Insert into PE.PERSONHASITEM (PERSON_ID,ITEM_ID) values ('100000015','38');
Insert into PE.PERSONHASITEM (PERSON_ID,ITEM_ID) values ('100000016','7');
Insert into PE.PERSONHASITEM (PERSON_ID,ITEM_ID) values ('100000016','57');
Insert into PE.PERSONHASITEM (PERSON_ID,ITEM_ID) values ('402140028','67');
Insert into PE.PERSONHASITEM (PERSON_ID,ITEM_ID) values ('402140027','68');
Insert into PE.PERSONHASITEM (PERSON_ID,ITEM_ID) values ('402140028','69');
-- ==========================================================================================================
-- INSERTING into PE.PERSON1KNOWSPERSON2
/* SET DEFINE OFF; */
Insert into PE.PERSON1KNOWSPERSON2 (PERSON1_ID,PERSON2_ID,RELATIONTYPE_ID) values ('117610138','402140027','4');
Insert into PE.PERSON1KNOWSPERSON2 (PERSON1_ID,PERSON2_ID,RELATIONTYPE_ID) values ('117610138','218238697','5');
Insert into PE.PERSON1KNOWSPERSON2 (PERSON1_ID,PERSON2_ID,RELATIONTYPE_ID) values ('402140028','402140027','3');
Insert into PE.PERSON1KNOWSPERSON2 (PERSON1_ID,PERSON2_ID,RELATIONTYPE_ID) values ('402140027','402140028','1');
Insert into PE.PERSON1KNOWSPERSON2 (PERSON1_ID,PERSON2_ID,RELATIONTYPE_ID) values ('117610138','801200838','1');
Insert into PE.PERSON1KNOWSPERSON2 (PERSON1_ID,PERSON2_ID,RELATIONTYPE_ID) values ('117610138','402140028','1');
Insert into PE.PERSON1KNOWSPERSON2 (PERSON1_ID,PERSON2_ID,RELATIONTYPE_ID) values ('117610138','100000009','1');
Insert into PE.PERSON1KNOWSPERSON2 (PERSON1_ID,PERSON2_ID,RELATIONTYPE_ID) values ('100000009','117610138','1');
Insert into PE.PERSON1KNOWSPERSON2 (PERSON1_ID,PERSON2_ID,RELATIONTYPE_ID) values ('402140028','117610138','1');
Insert into PE.PERSON1KNOWSPERSON2 (PERSON1_ID,PERSON2_ID,RELATIONTYPE_ID) values ('801200838','117610138','1');
Insert into PE.PERSON1KNOWSPERSON2 (PERSON1_ID,PERSON2_ID,RELATIONTYPE_ID) values ('100000000','100000002','4');
Insert into PE.PERSON1KNOWSPERSON2 (PERSON1_ID,PERSON2_ID,RELATIONTYPE_ID) values ('100000002','100000000','4');
Insert into PE.PERSON1KNOWSPERSON2 (PERSON1_ID,PERSON2_ID,RELATIONTYPE_ID) values ('402140028','100000016','1');
Insert into PE.PERSON1KNOWSPERSON2 (PERSON1_ID,PERSON2_ID,RELATIONTYPE_ID) values ('100000016','402140028','1');
Insert into PE.PERSON1KNOWSPERSON2 (PERSON1_ID,PERSON2_ID,RELATIONTYPE_ID) values ('402140028','100000007','2');
Insert into PE.PERSON1KNOWSPERSON2 (PERSON1_ID,PERSON2_ID,RELATIONTYPE_ID) values ('100000007','402140028','2');
Insert into PE.PERSON1KNOWSPERSON2 (PERSON1_ID,PERSON2_ID,RELATIONTYPE_ID) values ('100000000','100000011','3');
Insert into PE.PERSON1KNOWSPERSON2 (PERSON1_ID,PERSON2_ID,RELATIONTYPE_ID) values ('100000011','100000000','3');
Insert into PE.PERSON1KNOWSPERSON2 (PERSON1_ID,PERSON2_ID,RELATIONTYPE_ID) values ('100000000','100000012','4');
Insert into PE.PERSON1KNOWSPERSON2 (PERSON1_ID,PERSON2_ID,RELATIONTYPE_ID) values ('100000012','100000000','4');
Insert into PE.PERSON1KNOWSPERSON2 (PERSON1_ID,PERSON2_ID,RELATIONTYPE_ID) values ('100000001','100000013','2');
Insert into PE.PERSON1KNOWSPERSON2 (PERSON1_ID,PERSON2_ID,RELATIONTYPE_ID) values ('100000013','100000001','2');
Insert into PE.PERSON1KNOWSPERSON2 (PERSON1_ID,PERSON2_ID,RELATIONTYPE_ID) values ('100000001','100000015','1');
Insert into PE.PERSON1KNOWSPERSON2 (PERSON1_ID,PERSON2_ID,RELATIONTYPE_ID) values ('100000015','100000001','1');
Insert into PE.PERSON1KNOWSPERSON2 (PERSON1_ID,PERSON2_ID,RELATIONTYPE_ID) values ('100000002','100000006','2');
Insert into PE.PERSON1KNOWSPERSON2 (PERSON1_ID,PERSON2_ID,RELATIONTYPE_ID) values ('100000006','100000002','2');
Insert into PE.PERSON1KNOWSPERSON2 (PERSON1_ID,PERSON2_ID,RELATIONTYPE_ID) values ('100000003','100000014','1');
Insert into PE.PERSON1KNOWSPERSON2 (PERSON1_ID,PERSON2_ID,RELATIONTYPE_ID) values ('100000014','100000003','1');
Insert into PE.PERSON1KNOWSPERSON2 (PERSON1_ID,PERSON2_ID,RELATIONTYPE_ID) values ('100000003','801200838','2');
Insert into PE.PERSON1KNOWSPERSON2 (PERSON1_ID,PERSON2_ID,RELATIONTYPE_ID) values ('801200838','100000003','2');
Insert into PE.PERSON1KNOWSPERSON2 (PERSON1_ID,PERSON2_ID,RELATIONTYPE_ID) values ('100000004','100000011','4');
Insert into PE.PERSON1KNOWSPERSON2 (PERSON1_ID,PERSON2_ID,RELATIONTYPE_ID) values ('100000011','100000004','4');
Insert into PE.PERSON1KNOWSPERSON2 (PERSON1_ID,PERSON2_ID,RELATIONTYPE_ID) values ('100000004','100000005','2');
Insert into PE.PERSON1KNOWSPERSON2 (PERSON1_ID,PERSON2_ID,RELATIONTYPE_ID) values ('100000005','100000004','2');
Insert into PE.PERSON1KNOWSPERSON2 (PERSON1_ID,PERSON2_ID,RELATIONTYPE_ID) values ('100000005','100000007','1');
Insert into PE.PERSON1KNOWSPERSON2 (PERSON1_ID,PERSON2_ID,RELATIONTYPE_ID) values ('100000007','100000005','1');
Insert into PE.PERSON1KNOWSPERSON2 (PERSON1_ID,PERSON2_ID,RELATIONTYPE_ID) values ('100000006','100000010','2');
Insert into PE.PERSON1KNOWSPERSON2 (PERSON1_ID,PERSON2_ID,RELATIONTYPE_ID) values ('100000010','100000006','2');
Insert into PE.PERSON1KNOWSPERSON2 (PERSON1_ID,PERSON2_ID,RELATIONTYPE_ID) values ('100000010','100000008','1');
Insert into PE.PERSON1KNOWSPERSON2 (PERSON1_ID,PERSON2_ID,RELATIONTYPE_ID) values ('100000008','100000010','1');
Insert into PE.PERSON1KNOWSPERSON2 (PERSON1_ID,PERSON2_ID,RELATIONTYPE_ID) values ('100000006','801200838','4');
Insert into PE.PERSON1KNOWSPERSON2 (PERSON1_ID,PERSON2_ID,RELATIONTYPE_ID) values ('801200838','100000006','4');
Insert into PE.PERSON1KNOWSPERSON2 (PERSON1_ID,PERSON2_ID,RELATIONTYPE_ID) values ('100000007','100000013','2');
Insert into PE.PERSON1KNOWSPERSON2 (PERSON1_ID,PERSON2_ID,RELATIONTYPE_ID) values ('100000013','100000007','2');
Insert into PE.PERSON1KNOWSPERSON2 (PERSON1_ID,PERSON2_ID,RELATIONTYPE_ID) values ('100000007','100000003','4');
Insert into PE.PERSON1KNOWSPERSON2 (PERSON1_ID,PERSON2_ID,RELATIONTYPE_ID) values ('100000003','100000007','4');
Insert into PE.PERSON1KNOWSPERSON2 (PERSON1_ID,PERSON2_ID,RELATIONTYPE_ID) values ('100000008','402140028','1');
Insert into PE.PERSON1KNOWSPERSON2 (PERSON1_ID,PERSON2_ID,RELATIONTYPE_ID) values ('402140028','100000008','1');
Insert into PE.PERSON1KNOWSPERSON2 (PERSON1_ID,PERSON2_ID,RELATIONTYPE_ID) values ('100000008','100000007','4');
Insert into PE.PERSON1KNOWSPERSON2 (PERSON1_ID,PERSON2_ID,RELATIONTYPE_ID) values ('100000007','100000008','4');
Insert into PE.PERSON1KNOWSPERSON2 (PERSON1_ID,PERSON2_ID,RELATIONTYPE_ID) values ('100000009','100000004','2');
Insert into PE.PERSON1KNOWSPERSON2 (PERSON1_ID,PERSON2_ID,RELATIONTYPE_ID) values ('100000004','100000009','2');
Insert into PE.PERSON1KNOWSPERSON2 (PERSON1_ID,PERSON2_ID,RELATIONTYPE_ID) values ('100000009','100000002','1');
Insert into PE.PERSON1KNOWSPERSON2 (PERSON1_ID,PERSON2_ID,RELATIONTYPE_ID) values ('100000002','100000009','1');
Insert into PE.PERSON1KNOWSPERSON2 (PERSON1_ID,PERSON2_ID,RELATIONTYPE_ID) values ('100000010','801200838','1');
Insert into PE.PERSON1KNOWSPERSON2 (PERSON1_ID,PERSON2_ID,RELATIONTYPE_ID) values ('801200838','100000010','1');
Insert into PE.PERSON1KNOWSPERSON2 (PERSON1_ID,PERSON2_ID,RELATIONTYPE_ID) values ('100000010','100000015','4');
Insert into PE.PERSON1KNOWSPERSON2 (PERSON1_ID,PERSON2_ID,RELATIONTYPE_ID) values ('100000015','100000010','4');
Insert into PE.PERSON1KNOWSPERSON2 (PERSON1_ID,PERSON2_ID,RELATIONTYPE_ID) values ('100000011','100000016','2');
Insert into PE.PERSON1KNOWSPERSON2 (PERSON1_ID,PERSON2_ID,RELATIONTYPE_ID) values ('100000016','100000011','2');
Insert into PE.PERSON1KNOWSPERSON2 (PERSON1_ID,PERSON2_ID,RELATIONTYPE_ID) values ('100000012','100000009','3');
Insert into PE.PERSON1KNOWSPERSON2 (PERSON1_ID,PERSON2_ID,RELATIONTYPE_ID) values ('100000009','100000012','3');
Insert into PE.PERSON1KNOWSPERSON2 (PERSON1_ID,PERSON2_ID,RELATIONTYPE_ID) values ('100000012','100000014','2');
Insert into PE.PERSON1KNOWSPERSON2 (PERSON1_ID,PERSON2_ID,RELATIONTYPE_ID) values ('100000014','100000012','2');
Insert into PE.PERSON1KNOWSPERSON2 (PERSON1_ID,PERSON2_ID,RELATIONTYPE_ID) values ('100000012','100000004','2');
Insert into PE.PERSON1KNOWSPERSON2 (PERSON1_ID,PERSON2_ID,RELATIONTYPE_ID) values ('100000004','100000012','2');
Insert into PE.PERSON1KNOWSPERSON2 (PERSON1_ID,PERSON2_ID,RELATIONTYPE_ID) values ('100000013','117610138','1');
Insert into PE.PERSON1KNOWSPERSON2 (PERSON1_ID,PERSON2_ID,RELATIONTYPE_ID) values ('117610138','100000013','1');
Insert into PE.PERSON1KNOWSPERSON2 (PERSON1_ID,PERSON2_ID,RELATIONTYPE_ID) values ('100000014','100000010','2');
Insert into PE.PERSON1KNOWSPERSON2 (PERSON1_ID,PERSON2_ID,RELATIONTYPE_ID) values ('100000010','100000014','2');
Insert into PE.PERSON1KNOWSPERSON2 (PERSON1_ID,PERSON2_ID,RELATIONTYPE_ID) values ('100000014','100000015','1');
Insert into PE.PERSON1KNOWSPERSON2 (PERSON1_ID,PERSON2_ID,RELATIONTYPE_ID) values ('100000015','100000014','1');
Insert into PE.PERSON1KNOWSPERSON2 (PERSON1_ID,PERSON2_ID,RELATIONTYPE_ID) values ('100000015','100000006','2');
Insert into PE.PERSON1KNOWSPERSON2 (PERSON1_ID,PERSON2_ID,RELATIONTYPE_ID) values ('100000006','100000015','2');
Insert into PE.PERSON1KNOWSPERSON2 (PERSON1_ID,PERSON2_ID,RELATIONTYPE_ID) values ('100000016','100000004','1');
Insert into PE.PERSON1KNOWSPERSON2 (PERSON1_ID,PERSON2_ID,RELATIONTYPE_ID) values ('100000004','100000016','1');
-- ==========================================================================================================
-- INSERTING into PE.LOAN_HISTORY
/* SET DEFINE OFF; */
Insert into PE.LOAN_HISTORY (PERSON1_ID,PERSON2_ID,ITEM_ID,LEND_DATE,RETURN_DATE,AMOUNT_DAYS,TOLERANCE_DAYS_YELLOW,TOLERANCE_DAYS_RED) values ('117610138','402140028','61',str_to_date('09/05/21','%d/%m/%y'),str_to_date('21/05/21','%d/%m/%y'),'12','1','1');
Insert into PE.LOAN_HISTORY (PERSON1_ID,PERSON2_ID,ITEM_ID,LEND_DATE,RETURN_DATE,AMOUNT_DAYS,TOLERANCE_DAYS_YELLOW,TOLERANCE_DAYS_RED) values ('117610138','402140028','61',str_to_date('09/05/21','%d/%m/%y'),str_to_date('09/05/21','%d/%m/%y'),'0','2','1');
Insert into PE.LOAN_HISTORY (PERSON1_ID,PERSON2_ID,ITEM_ID,LEND_DATE,RETURN_DATE,AMOUNT_DAYS,TOLERANCE_DAYS_YELLOW,TOLERANCE_DAYS_RED) values ('117610138','402140028','61',str_to_date('09/05/21','%d/%m/%y'),str_to_date('10/05/21','%d/%m/%y'),'1','2','1');
Insert into PE.LOAN_HISTORY (PERSON1_ID,PERSON2_ID,ITEM_ID,LEND_DATE,RETURN_DATE,AMOUNT_DAYS,TOLERANCE_DAYS_YELLOW,TOLERANCE_DAYS_RED) values ('117610138','402140028','61',str_to_date('05/05/21','%d/%m/%y'),str_to_date('07/05/21','%d/%m/%y'),'2','2','1');
Insert into PE.LOAN_HISTORY (PERSON1_ID,PERSON2_ID,ITEM_ID,LEND_DATE,RETURN_DATE,AMOUNT_DAYS,TOLERANCE_DAYS_YELLOW,TOLERANCE_DAYS_RED) values ('801200838','117610138','11',str_to_date('10/05/21','%d/%m/%y'),str_to_date('14/06/21','%d/%m/%y'),'35','2','3');
Insert into PE.LOAN_HISTORY (PERSON1_ID,PERSON2_ID,ITEM_ID,LEND_DATE,RETURN_DATE,AMOUNT_DAYS,TOLERANCE_DAYS_YELLOW,TOLERANCE_DAYS_RED) values ('402140028','100000007','66',str_to_date('18/05/21','%d/%m/%y'),str_to_date('19/05/21','%d/%m/%y'),'1','2','1');
Insert into PE.LOAN_HISTORY (PERSON1_ID,PERSON2_ID,ITEM_ID,LEND_DATE,RETURN_DATE,AMOUNT_DAYS,TOLERANCE_DAYS_YELLOW,TOLERANCE_DAYS_RED) values ('117610138','100000013','10',str_to_date('19/05/21','%d/%m/%y'),str_to_date('19/05/21','%d/%m/%y'),'0','2','2');
Insert into PE.LOAN_HISTORY (PERSON1_ID,PERSON2_ID,ITEM_ID,LEND_DATE,RETURN_DATE,AMOUNT_DAYS,TOLERANCE_DAYS_YELLOW,TOLERANCE_DAYS_RED) values ('117610138','100000009','10',str_to_date('01/01/21','%d/%m/%y'),str_to_date('10/02/21','%d/%m/%y'),'40','5','2');
Insert into PE.LOAN_HISTORY (PERSON1_ID,PERSON2_ID,ITEM_ID,LEND_DATE,RETURN_DATE,AMOUNT_DAYS,TOLERANCE_DAYS_YELLOW,TOLERANCE_DAYS_RED) values ('117610138','402140028','32',str_to_date('19/02/21','%d/%m/%y'),str_to_date('19/03/21','%d/%m/%y'),'28','5','2');
Insert into PE.LOAN_HISTORY (PERSON1_ID,PERSON2_ID,ITEM_ID,LEND_DATE,RETURN_DATE,AMOUNT_DAYS,TOLERANCE_DAYS_YELLOW,TOLERANCE_DAYS_RED) values ('801200838','100000006','17',str_to_date('20/01/21','%d/%m/%y'),str_to_date('10/03/21','%d/%m/%y'),'49','3','2');
Insert into PE.LOAN_HISTORY (PERSON1_ID,PERSON2_ID,ITEM_ID,LEND_DATE,RETURN_DATE,AMOUNT_DAYS,TOLERANCE_DAYS_YELLOW,TOLERANCE_DAYS_RED) values ('801200838','100000003','40',str_to_date('24/01/21','%d/%m/%y'),str_to_date('01/03/21','%d/%m/%y'),'36','3','2');
Insert into PE.LOAN_HISTORY (PERSON1_ID,PERSON2_ID,ITEM_ID,LEND_DATE,RETURN_DATE,AMOUNT_DAYS,TOLERANCE_DAYS_YELLOW,TOLERANCE_DAYS_RED) values ('402140028','100000016','16',str_to_date('26/06/20','%d/%m/%y'),str_to_date('10/08/20','%d/%m/%y'),'45','10','4');
Insert into PE.LOAN_HISTORY (PERSON1_ID,PERSON2_ID,ITEM_ID,LEND_DATE,RETURN_DATE,AMOUNT_DAYS,TOLERANCE_DAYS_YELLOW,TOLERANCE_DAYS_RED) values ('402140028','117610138','58',str_to_date('01/01/20','%d/%m/%y'),str_to_date('01/01/21','%d/%m/%y'),'366','10','4');
Insert into PE.LOAN_HISTORY (PERSON1_ID,PERSON2_ID,ITEM_ID,LEND_DATE,RETURN_DATE,AMOUNT_DAYS,TOLERANCE_DAYS_YELLOW,TOLERANCE_DAYS_RED) values ('100000000','100000002','1',str_to_date('05/03/21','%d/%m/%y'),str_to_date('10/04/21','%d/%m/%y'),'36','3','1');
Insert into PE.LOAN_HISTORY (PERSON1_ID,PERSON2_ID,ITEM_ID,LEND_DATE,RETURN_DATE,AMOUNT_DAYS,TOLERANCE_DAYS_YELLOW,TOLERANCE_DAYS_RED) values ('100000000','100000011','2',str_to_date('15/06/20','%d/%m/%y'),str_to_date('08/07/20','%d/%m/%y'),'23','3','1');
Insert into PE.LOAN_HISTORY (PERSON1_ID,PERSON2_ID,ITEM_ID,LEND_DATE,RETURN_DATE,AMOUNT_DAYS,TOLERANCE_DAYS_YELLOW,TOLERANCE_DAYS_RED) values ('100000001','100000015','4',str_to_date('26/04/20','%d/%m/%y'),str_to_date('01/06/20','%d/%m/%y'),'36','10','3');
Insert into PE.LOAN_HISTORY (PERSON1_ID,PERSON2_ID,ITEM_ID,LEND_DATE,RETURN_DATE,AMOUNT_DAYS,TOLERANCE_DAYS_YELLOW,TOLERANCE_DAYS_RED) values ('100000001','100000013','5',str_to_date('10/02/21','%d/%m/%y'),str_to_date('28/02/21','%d/%m/%y'),'18','2','1');
Insert into PE.LOAN_HISTORY (PERSON1_ID,PERSON2_ID,ITEM_ID,LEND_DATE,RETURN_DATE,AMOUNT_DAYS,TOLERANCE_DAYS_YELLOW,TOLERANCE_DAYS_RED) values ('100000002','100000000','8',str_to_date('10/03/21','%d/%m/%y'),str_to_date('20/04/21','%d/%m/%y'),'41','9','3');
Insert into PE.LOAN_HISTORY (PERSON1_ID,PERSON2_ID,ITEM_ID,LEND_DATE,RETURN_DATE,AMOUNT_DAYS,TOLERANCE_DAYS_YELLOW,TOLERANCE_DAYS_RED) values ('100000002','100000006','48',str_to_date('22/12/20','%d/%m/%y'),str_to_date('03/02/21','%d/%m/%y'),'43','10','2');
Insert into PE.LOAN_HISTORY (PERSON1_ID,PERSON2_ID,ITEM_ID,LEND_DATE,RETURN_DATE,AMOUNT_DAYS,TOLERANCE_DAYS_YELLOW,TOLERANCE_DAYS_RED) values ('100000003','100000007','42',str_to_date('25/03/20','%d/%m/%y'),str_to_date('10/07/20','%d/%m/%y'),'107','8','3');
Insert into PE.LOAN_HISTORY (PERSON1_ID,PERSON2_ID,ITEM_ID,LEND_DATE,RETURN_DATE,AMOUNT_DAYS,TOLERANCE_DAYS_YELLOW,TOLERANCE_DAYS_RED) values ('100000004','100000009','20',str_to_date('25/02/21','%d/%m/%y'),str_to_date('15/04/21','%d/%m/%y'),'49','6','1');
Insert into PE.LOAN_HISTORY (PERSON1_ID,PERSON2_ID,ITEM_ID,LEND_DATE,RETURN_DATE,AMOUNT_DAYS,TOLERANCE_DAYS_YELLOW,TOLERANCE_DAYS_RED) values ('100000005','100000004','12',str_to_date('13/01/21','%d/%m/%y'),str_to_date('15/04/21','%d/%m/%y'),'92','12','3');
Insert into PE.LOAN_HISTORY (PERSON1_ID,PERSON2_ID,ITEM_ID,LEND_DATE,RETURN_DATE,AMOUNT_DAYS,TOLERANCE_DAYS_YELLOW,TOLERANCE_DAYS_RED) values ('100000005','100000007','24',str_to_date('01/08/20','%d/%m/%y'),str_to_date('10/12/20','%d/%m/%y'),'131','10','2');
Insert into PE.LOAN_HISTORY (PERSON1_ID,PERSON2_ID,ITEM_ID,LEND_DATE,RETURN_DATE,AMOUNT_DAYS,TOLERANCE_DAYS_YELLOW,TOLERANCE_DAYS_RED) values ('100000006','100000010','43',str_to_date('25/07/20','%d/%m/%y'),str_to_date('25/08/20','%d/%m/%y'),'31','6','2');
Insert into PE.LOAN_HISTORY (PERSON1_ID,PERSON2_ID,ITEM_ID,LEND_DATE,RETURN_DATE,AMOUNT_DAYS,TOLERANCE_DAYS_YELLOW,TOLERANCE_DAYS_RED) values ('100000006','100000002','54',str_to_date('01/01/21','%d/%m/%y'),str_to_date('27/01/21','%d/%m/%y'),'26','3','1');
Insert into PE.LOAN_HISTORY (PERSON1_ID,PERSON2_ID,ITEM_ID,LEND_DATE,RETURN_DATE,AMOUNT_DAYS,TOLERANCE_DAYS_YELLOW,TOLERANCE_DAYS_RED) values ('100000007','100000013','13',str_to_date('19/02/21','%d/%m/%y'),str_to_date('26/04/21','%d/%m/%y'),'63','9','2');
Insert into PE.LOAN_HISTORY (PERSON1_ID,PERSON2_ID,ITEM_ID,LEND_DATE,RETURN_DATE,AMOUNT_DAYS,TOLERANCE_DAYS_YELLOW,TOLERANCE_DAYS_RED) values ('100000007','100000008','60',str_to_date('18/07/20','%d/%m/%y'),str_to_date('10/02/21','%d/%m/%y'),'207','15','5');
Insert into PE.LOAN_HISTORY (PERSON1_ID,PERSON2_ID,ITEM_ID,LEND_DATE,RETURN_DATE,AMOUNT_DAYS,TOLERANCE_DAYS_YELLOW,TOLERANCE_DAYS_RED) values ('100000008','402140028','14',str_to_date('27/01/21','%d/%m/%y'),str_to_date('23/04/21','%d/%m/%y'),'74','4','2');
Insert into PE.LOAN_HISTORY (PERSON1_ID,PERSON2_ID,ITEM_ID,LEND_DATE,RETURN_DATE,AMOUNT_DAYS,TOLERANCE_DAYS_YELLOW,TOLERANCE_DAYS_RED) values ('100000008','100000007','53',str_to_date('28/08/20','%d/%m/%y'),str_to_date('02/09/21','%d/%m/%y'),'370','7','1');
Insert into PE.LOAN_HISTORY (PERSON1_ID,PERSON2_ID,ITEM_ID,LEND_DATE,RETURN_DATE,AMOUNT_DAYS,TOLERANCE_DAYS_YELLOW,TOLERANCE_DAYS_RED) values ('100000009','100000004','15',str_to_date('24/01/21','%d/%m/%y'),str_to_date('30/03/21','%d/%m/%y'),'62','10','2');
Insert into PE.LOAN_HISTORY (PERSON1_ID,PERSON2_ID,ITEM_ID,LEND_DATE,RETURN_DATE,AMOUNT_DAYS,TOLERANCE_DAYS_YELLOW,TOLERANCE_DAYS_RED) values ('100000009','100000012','25',str_to_date('05/01/21','%d/%m/%y'),str_to_date('13/01/21','%d/%m/%y'),'8','2','1');
Insert into PE.LOAN_HISTORY (PERSON1_ID,PERSON2_ID,ITEM_ID,LEND_DATE,RETURN_DATE,AMOUNT_DAYS,TOLERANCE_DAYS_YELLOW,TOLERANCE_DAYS_RED) values ('100000010','100000006','19',str_to_date('21/11/20','%d/%m/%y'),str_to_date('17/01/21','%d/%m/%y'),'57','7','4');
Insert into PE.LOAN_HISTORY (PERSON1_ID,PERSON2_ID,ITEM_ID,LEND_DATE,RETURN_DATE,AMOUNT_DAYS,TOLERANCE_DAYS_YELLOW,TOLERANCE_DAYS_RED) values ('100000010','100000008','26',str_to_date('01/03/21','%d/%m/%y'),str_to_date('17/04/21','%d/%m/%y'),'47','5','3');
Insert into PE.LOAN_HISTORY (PERSON1_ID,PERSON2_ID,ITEM_ID,LEND_DATE,RETURN_DATE,AMOUNT_DAYS,TOLERANCE_DAYS_YELLOW,TOLERANCE_DAYS_RED) values ('100000011','100000016','40',str_to_date('12/03/21','%d/%m/%y'),str_to_date('10/04/21','%d/%m/%y'),'29','5','2');
Insert into PE.LOAN_HISTORY (PERSON1_ID,PERSON2_ID,ITEM_ID,LEND_DATE,RETURN_DATE,AMOUNT_DAYS,TOLERANCE_DAYS_YELLOW,TOLERANCE_DAYS_RED) values ('100000011','100000000','29',str_to_date('05/04/21','%d/%m/%y'),str_to_date('20/04/21','%d/%m/%y'),'15','2','1');
Insert into PE.LOAN_HISTORY (PERSON1_ID,PERSON2_ID,ITEM_ID,LEND_DATE,RETURN_DATE,AMOUNT_DAYS,TOLERANCE_DAYS_YELLOW,TOLERANCE_DAYS_RED) values ('117610138','801200838','10',str_to_date('10/03/21','%d/%m/%y'),str_to_date('15/04/21','%d/%m/%y'),'36','5','2');
Insert into PE.LOAN_HISTORY (PERSON1_ID,PERSON2_ID,ITEM_ID,LEND_DATE,RETURN_DATE,AMOUNT_DAYS,TOLERANCE_DAYS_YELLOW,TOLERANCE_DAYS_RED) values ('100000012','100000009','50',str_to_date('01/01/21','%d/%m/%y'),str_to_date('29/01/21','%d/%m/%y'),'28','3','2');
Insert into PE.LOAN_HISTORY (PERSON1_ID,PERSON2_ID,ITEM_ID,LEND_DATE,RETURN_DATE,AMOUNT_DAYS,TOLERANCE_DAYS_YELLOW,TOLERANCE_DAYS_RED) values ('100000012','100000014','30',str_to_date('01/12/20','%d/%m/%y'),str_to_date('25/12/20','%d/%m/%y'),'24','5','1');
Insert into PE.LOAN_HISTORY (PERSON1_ID,PERSON2_ID,ITEM_ID,LEND_DATE,RETURN_DATE,AMOUNT_DAYS,TOLERANCE_DAYS_YELLOW,TOLERANCE_DAYS_RED) values ('100000013','100000001','31',str_to_date('01/01/20','%d/%m/%y'),str_to_date('20/02/20','%d/%m/%y'),'50','5','3');
Insert into PE.LOAN_HISTORY (PERSON1_ID,PERSON2_ID,ITEM_ID,LEND_DATE,RETURN_DATE,AMOUNT_DAYS,TOLERANCE_DAYS_YELLOW,TOLERANCE_DAYS_RED) values ('100000013','100000007','46',str_to_date('15/02/20','%d/%m/%y'),str_to_date('15/04/20','%d/%m/%y'),'60','8','1');
Insert into PE.LOAN_HISTORY (PERSON1_ID,PERSON2_ID,ITEM_ID,LEND_DATE,RETURN_DATE,AMOUNT_DAYS,TOLERANCE_DAYS_YELLOW,TOLERANCE_DAYS_RED) values ('100000014','100000012','33',str_to_date('08/02/20','%d/%m/%y'),str_to_date('09/06/20','%d/%m/%y'),'122','7','2');
Insert into PE.LOAN_HISTORY (PERSON1_ID,PERSON2_ID,ITEM_ID,LEND_DATE,RETURN_DATE,AMOUNT_DAYS,TOLERANCE_DAYS_YELLOW,TOLERANCE_DAYS_RED) values ('100000014','100000015','44',str_to_date('01/04/20','%d/%m/%y'),str_to_date('20/08/20','%d/%m/%y'),'141','10','2');
Insert into PE.LOAN_HISTORY (PERSON1_ID,PERSON2_ID,ITEM_ID,LEND_DATE,RETURN_DATE,AMOUNT_DAYS,TOLERANCE_DAYS_YELLOW,TOLERANCE_DAYS_RED) values ('100000015','100000010','38',str_to_date('27/03/20','%d/%m/%y'),str_to_date('28/05/20','%d/%m/%y'),'62','6','2');
Insert into PE.LOAN_HISTORY (PERSON1_ID,PERSON2_ID,ITEM_ID,LEND_DATE,RETURN_DATE,AMOUNT_DAYS,TOLERANCE_DAYS_YELLOW,TOLERANCE_DAYS_RED) values ('100000015','100000006','39',str_to_date('10/05/20','%d/%m/%y'),str_to_date('13/09/20','%d/%m/%y'),'126','11','5');
Insert into PE.LOAN_HISTORY (PERSON1_ID,PERSON2_ID,ITEM_ID,LEND_DATE,RETURN_DATE,AMOUNT_DAYS,TOLERANCE_DAYS_YELLOW,TOLERANCE_DAYS_RED) values ('100000016','100000004','7',str_to_date('02/01/21','%d/%m/%y'),str_to_date('12/02/21','%d/%m/%y'),'41','8','2');
Insert into PE.LOAN_HISTORY (PERSON1_ID,PERSON2_ID,ITEM_ID,LEND_DATE,RETURN_DATE,AMOUNT_DAYS,TOLERANCE_DAYS_YELLOW,TOLERANCE_DAYS_RED) values ('801200838','117610138','64',str_to_date('10/05/21','%d/%m/%y'),str_to_date('14/06/21','%d/%m/%y'),'35','5','2');
Insert into PE.LOAN_HISTORY (PERSON1_ID,PERSON2_ID,ITEM_ID,LEND_DATE,RETURN_DATE,AMOUNT_DAYS,TOLERANCE_DAYS_YELLOW,TOLERANCE_DAYS_RED) values ('117610138','100000013','65',str_to_date('13/05/21','%d/%m/%y'),str_to_date('13/05/21','%d/%m/%y'),'0','2','1');
Insert into PE.LOAN_HISTORY (PERSON1_ID,PERSON2_ID,ITEM_ID,LEND_DATE,RETURN_DATE,AMOUNT_DAYS,TOLERANCE_DAYS_YELLOW,TOLERANCE_DAYS_RED) values ('117610138','402140028','61',str_to_date('09/05/21','%d/%m/%y'),str_to_date('11/05/21','%d/%m/%y'),'2','5','3');
Insert into PE.LOAN_HISTORY (PERSON1_ID,PERSON2_ID,ITEM_ID,LEND_DATE,RETURN_DATE,AMOUNT_DAYS,TOLERANCE_DAYS_YELLOW,TOLERANCE_DAYS_RED) values ('117610138','801200838','10',str_to_date('09/05/21','%d/%m/%y'),str_to_date('15/08/21','%d/%m/%y'),'98','1','5');
Insert into PE.LOAN_HISTORY (PERSON1_ID,PERSON2_ID,ITEM_ID,LEND_DATE,RETURN_DATE,AMOUNT_DAYS,TOLERANCE_DAYS_YELLOW,TOLERANCE_DAYS_RED) values ('117610138','801200838','62',str_to_date('19/05/21','%d/%m/%y'),str_to_date('19/06/21','%d/%m/%y'),'31','2','1');
Insert into PE.LOAN_HISTORY (PERSON1_ID,PERSON2_ID,ITEM_ID,LEND_DATE,RETURN_DATE,AMOUNT_DAYS,TOLERANCE_DAYS_YELLOW,TOLERANCE_DAYS_RED) values ('117610138','100000013','59',str_to_date('19/05/21','%d/%m/%y'),str_to_date('20/05/21','%d/%m/%y'),'1','1','1');
Insert into PE.LOAN_HISTORY (PERSON1_ID,PERSON2_ID,ITEM_ID,LEND_DATE,RETURN_DATE,AMOUNT_DAYS,TOLERANCE_DAYS_YELLOW,TOLERANCE_DAYS_RED) values ('117610138','100000009','76',str_to_date('19/05/21','%d/%m/%y'),str_to_date('28/05/21','%d/%m/%y'),'9','5','3');
Insert into PE.LOAN_HISTORY (PERSON1_ID,PERSON2_ID,ITEM_ID,LEND_DATE,RETURN_DATE,AMOUNT_DAYS,TOLERANCE_DAYS_YELLOW,TOLERANCE_DAYS_RED) values ('117610138','218238697','10',str_to_date('19/05/21','%d/%m/%y'),str_to_date('29/04/21','%d/%m/%y'),'-20','1','2');
Insert into PE.LOAN_HISTORY (PERSON1_ID,PERSON2_ID,ITEM_ID,LEND_DATE,RETURN_DATE,AMOUNT_DAYS,TOLERANCE_DAYS_YELLOW,TOLERANCE_DAYS_RED) values ('117610138','801200838','59',str_to_date('05/05/21','%d/%m/%y'),str_to_date('08/05/21','%d/%m/%y'),'3','2','3');
Insert into PE.LOAN_HISTORY (PERSON1_ID,PERSON2_ID,ITEM_ID,LEND_DATE,RETURN_DATE,AMOUNT_DAYS,TOLERANCE_DAYS_YELLOW,TOLERANCE_DAYS_RED) values ('117610138','402140028','61',str_to_date('10/05/21','%d/%m/%y'),str_to_date('20/05/21','%d/%m/%y'),'10','2','4');
Insert into PE.LOAN_HISTORY (PERSON1_ID,PERSON2_ID,ITEM_ID,LEND_DATE,RETURN_DATE,AMOUNT_DAYS,TOLERANCE_DAYS_YELLOW,TOLERANCE_DAYS_RED) values ('117610138','100000009','47',str_to_date('10/05/21','%d/%m/%y'),str_to_date('18/05/21','%d/%m/%y'),'8','5','2');
Insert into PE.LOAN_HISTORY (PERSON1_ID,PERSON2_ID,ITEM_ID,LEND_DATE,RETURN_DATE,AMOUNT_DAYS,TOLERANCE_DAYS_YELLOW,TOLERANCE_DAYS_RED) values ('117610138','100000009','10',str_to_date('11/05/21','%d/%m/%y'),str_to_date('12/05/21','%d/%m/%y'),'1','1','2');
Insert into PE.LOAN_HISTORY (PERSON1_ID,PERSON2_ID,ITEM_ID,LEND_DATE,RETURN_DATE,AMOUNT_DAYS,TOLERANCE_DAYS_YELLOW,TOLERANCE_DAYS_RED) values ('117610138','402140028','32',str_to_date('19/05/21','%d/%m/%y'),str_to_date('22/05/21','%d/%m/%y'),'3','2','3');
Insert into PE.LOAN_HISTORY (PERSON1_ID,PERSON2_ID,ITEM_ID,LEND_DATE,RETURN_DATE,AMOUNT_DAYS,TOLERANCE_DAYS_YELLOW,TOLERANCE_DAYS_RED) values ('117610138','100000009','32',str_to_date('22/05/21','%d/%m/%y'),str_to_date('23/05/21','%d/%m/%y'),'1','1','2');
Insert into PE.LOAN_HISTORY (PERSON1_ID,PERSON2_ID,ITEM_ID,LEND_DATE,RETURN_DATE,AMOUNT_DAYS,TOLERANCE_DAYS_YELLOW,TOLERANCE_DAYS_RED) values ('117610138','402140028','59',str_to_date('09/05/21','%d/%m/%y'),str_to_date('12/05/21','%d/%m/%y'),'3','2','1');
Insert into PE.LOAN_HISTORY (PERSON1_ID,PERSON2_ID,ITEM_ID,LEND_DATE,RETURN_DATE,AMOUNT_DAYS,TOLERANCE_DAYS_YELLOW,TOLERANCE_DAYS_RED) values ('117610138','100000013','59',str_to_date('10/05/21','%d/%m/%y'),str_to_date('17/05/21','%d/%m/%y'),'7','5','3');
Insert into PE.LOAN_HISTORY (PERSON1_ID,PERSON2_ID,ITEM_ID,LEND_DATE,RETURN_DATE,AMOUNT_DAYS,TOLERANCE_DAYS_YELLOW,TOLERANCE_DAYS_RED) values ('402140028','117610138','63',str_to_date('10/05/21','%d/%m/%y'),str_to_date('13/05/21','%d/%m/%y'),'3','2','3');
Insert into PE.LOAN_HISTORY (PERSON1_ID,PERSON2_ID,ITEM_ID,LEND_DATE,RETURN_DATE,AMOUNT_DAYS,TOLERANCE_DAYS_YELLOW,TOLERANCE_DAYS_RED) values ('402140028','117610138','22',str_to_date('13/05/21','%d/%m/%y'),str_to_date('13/05/21','%d/%m/%y'),'0','2','3');
Insert into PE.LOAN_HISTORY (PERSON1_ID,PERSON2_ID,ITEM_ID,LEND_DATE,RETURN_DATE,AMOUNT_DAYS,TOLERANCE_DAYS_YELLOW,TOLERANCE_DAYS_RED) values ('402140028','117610138','58',str_to_date('13/05/21','%d/%m/%y'),str_to_date('13/05/21','%d/%m/%y'),'0','2','3');
Insert into PE.LOAN_HISTORY (PERSON1_ID,PERSON2_ID,ITEM_ID,LEND_DATE,RETURN_DATE,AMOUNT_DAYS,TOLERANCE_DAYS_YELLOW,TOLERANCE_DAYS_RED) values ('117610138','402140028','10',str_to_date('19/05/21','%d/%m/%y'),str_to_date('20/05/21','%d/%m/%y'),'1','1','1');
Insert into PE.LOAN_HISTORY (PERSON1_ID,PERSON2_ID,ITEM_ID,LEND_DATE,RETURN_DATE,AMOUNT_DAYS,TOLERANCE_DAYS_YELLOW,TOLERANCE_DAYS_RED) values ('117610138','402140028','61',str_to_date('19/05/21','%d/%m/%y'),str_to_date('19/06/21','%d/%m/%y'),'31','2','3');
-- ==========================================================================================================
-- INSERTING into PE.PERSONLENDITEM
/* SET DEFINE OFF; */
Insert into PE.PERSONLENDITEM (PERSON1_ID,PERSON2_ID,ITEM_ID,LEND_DATE,RETURN_DATE,AMOUNT_DAYS,TOLERANCE_DAYS_YELLOW,TOLERANCE_DAYS_RED) values ('402140028','117610138','63',str_to_date('10/05/21','%d/%m/%y'),str_to_date('18/05/22','%d/%m/%y'),'3','2','3');
Insert into PE.PERSONLENDITEM (PERSON1_ID,PERSON2_ID,ITEM_ID,LEND_DATE,RETURN_DATE,AMOUNT_DAYS,TOLERANCE_DAYS_YELLOW,TOLERANCE_DAYS_RED) values ('117610138','402140028','61',str_to_date('19/05/21','%d/%m/%y'),str_to_date('19/06/21','%d/%m/%y'),'31','2','3');
Insert into PE.PERSONLENDITEM (PERSON1_ID,PERSON2_ID,ITEM_ID,LEND_DATE,RETURN_DATE,AMOUNT_DAYS,TOLERANCE_DAYS_YELLOW,TOLERANCE_DAYS_RED) values ('117610138','100000009','47',str_to_date('10/05/21','%d/%m/%y'),str_to_date('20/05/22','%d/%m/%y'),'8','5','2');
Insert into PE.PERSONLENDITEM (PERSON1_ID,PERSON2_ID,ITEM_ID,LEND_DATE,RETURN_DATE,AMOUNT_DAYS,TOLERANCE_DAYS_YELLOW,TOLERANCE_DAYS_RED) values ('402140028','100000007','66',str_to_date('18/05/21','%d/%m/%y'),str_to_date('21/05/21','%d/%m/%y'),'1','2','1');
Insert into PE.PERSONLENDITEM (PERSON1_ID,PERSON2_ID,ITEM_ID,LEND_DATE,RETURN_DATE,AMOUNT_DAYS,TOLERANCE_DAYS_YELLOW,TOLERANCE_DAYS_RED) values ('117610138','100000009','76',str_to_date('19/05/21','%d/%m/%y'),str_to_date('20/05/22','%d/%m/%y'),'9','5','3');
Insert into PE.PERSONLENDITEM (PERSON1_ID,PERSON2_ID,ITEM_ID,LEND_DATE,RETURN_DATE,AMOUNT_DAYS,TOLERANCE_DAYS_YELLOW,TOLERANCE_DAYS_RED) values ('117610138','100000009','31',str_to_date('22/05/21','%d/%m/%y'),str_to_date('23/05/21','%d/%m/%y'),'1','1','2');
Insert into PE.PERSONLENDITEM (PERSON1_ID,PERSON2_ID,ITEM_ID,LEND_DATE,RETURN_DATE,AMOUNT_DAYS,TOLERANCE_DAYS_YELLOW,TOLERANCE_DAYS_RED) values ('117610138','100000013','59',str_to_date('19/05/21','%d/%m/%y'),str_to_date('22/05/22','%d/%m/%y'),'1','1','1');







